config,train_orders,train_max_order,test_order,is_ood,seed,correct,wrong,timeout,calls,n,accuracy,calls_per_solve
e4_all,"4,5,6,7,8",8,4,0,0,39,0,0,39,39,1.0,1.0
e4_all,"4,5,6,7,8",8,4,0,1,39,0,0,39,39,1.0,1.0
e4_all,"4,5,6,7,8",8,4,0,2,39,0,0,39,39,1.0,1.0
e4_all,"4,5,6,7,8",8,4,0,mean,117,0,0,117,117,1.0,1.0
e4_all,"4,5,6,7,8",8,4,0,min,117,0,0,117,117,1.0,1.0
e4_all,"4,5,6,7,8",8,4,0,max,117,0,0,117,117,1.0,1.0
e4_all,"4,5,6,7,8",8,5,0,0,30,0,0,30,30,1.0,1.0
e4_all,"4,5,6,7,8",8,5,0,1,30,0,0,30,30,1.0,1.0
e4_all,"4,5,6,7,8",8,5,0,2,30,0,0,30,30,1.0,1.0
e4_all,"4,5,6,7,8",8,5,0,mean,90,0,0,90,90,1.0,1.0
e4_all,"4,5,6,7,8",8,5,0,min,90,0,0,90,90,1.0,1.0
e4_all,"4,5,6,7,8",8,5,0,max,90,0,0,90,90,1.0,1.0
e4_all,"4,5,6,7,8",8,6,0,0,49,0,0,49,49,1.0,1.0
e4_all,"4,5,6,7,8",8,6,0,1,49,0,0,49,49,1.0,1.0
e4_all,"4,5,6,7,8",8,6,0,2,49,0,0,49,49,1.0,1.0
e4_all,"4,5,6,7,8",8,6,0,mean,147,0,0,147,147,1.0,1.0
e4_all,"4,5,6,7,8",8,6,0,min,147,0,0,147,147,1.0,1.0
e4_all,"4,5,6,7,8",8,6,0,max,147,0,0,147,147,1.0,1.0
e4_all,"4,5,6,7,8",8,7,0,0,51,0,0,51,51,1.0,1.0
e4_all,"4,5,6,7,8",8,7,0,1,51,0,0,51,51,1.0,1.0
e4_all,"4,5,6,7,8",8,7,0,2,51,0,0,51,51,1.0,1.0
e4_all,"4,5,6,7,8",8,7,0,mean,153,0,0,153,153,1.0,1.0
e4_all,"4,5,6,7,8",8,7,0,min,153,0,0,153,153,1.0,1.0
e4_all,"4,5,6,7,8",8,7,0,max,153,0,0,153,153,1.0,1.0
e4_all,"4,5,6,7,8",8,8,0,0,31,0,0,31,31,1.0,1.0
e4_all,"4,5,6,7,8",8,8,0,1,31,0,0,31,31,1.0,1.0
e4_all,"4,5,6,7,8",8,8,0,2,31,0,0,31,31,1.0,1.0
e4_all,"4,5,6,7,8",8,8,0,mean,93,0,0,93,93,1.0,1.0
e4_all,"4,5,6,7,8",8,8,0,min,93,0,0,93,93,1.0,1.0
e4_all,"4,5,6,7,8",8,8,0,max,93,0,0,93,93,1.0,1.0
e4_leq5,"4,5",5,6,1,0,0,0,61,61000,61,0.0,0.0
e4_leq5,"4,5",5,6,1,1,0,0,61,61000,61,0.0,0.0
e4_leq5,"4,5",5,6,1,2,0,0,61,61000,61,0.0,0.0
e4_leq5,"4,5",5,6,1,mean,0,0,183,183000,183,0.0,0.0
e4_leq5,"4,5",5,6,1,min,0,0,183,183000,183,0.0,0.0
e4_leq5,"4,5",5,6,1,max,0,0,183,183000,183,0.0,0.0
e4_leq5,"4,5",5,7,1,0,0,0,77,77000,77,0.0,0.0
e4_leq5,"4,5",5,7,1,1,0,0,77,77000,77,0.0,0.0
e4_leq5,"4,5",5,7,1,2,0,0,77,77000,77,0.0,0.0
e4_leq5,"4,5",5,7,1,mean,0,0,231,231000,231,0.0,0.0
e4_leq5,"4,5",5,7,1,min,0,0,231,231000,231,0.0,0.0
e4_leq5,"4,5",5,7,1,max,0,0,231,231000,231,0.0,0.0
e4_leq5,"4,5",5,8,1,0,0,0,62,62000,62,0.0,0.0
e4_leq5,"4,5",5,8,1,1,0,0,62,62000,62,0.0,0.0
e4_leq5,"4,5",5,8,1,2,0,0,62,62000,62,0.0,0.0
e4_leq5,"4,5",5,8,1,mean,0,0,186,186000,186,0.0,0.0
e4_leq5,"4,5",5,8,1,min,0,0,186,186000,186,0.0,0.0
e4_leq5,"4,5",5,8,1,max,0,0,186,186000,186,0.0,0.0
e4_leq6,"4,5,6",6,7,1,0,0,0,99,99000,99,0.0,0.0
e4_leq6,"4,5,6",6,7,1,1,0,0,99,99000,99,0.0,0.0
e4_leq6,"4,5,6",6,7,1,2,0,0,99,99000,99,0.0,0.0
e4_leq6,"4,5,6",6,7,1,mean,0,0,297,297000,297,0.0,0.0
e4_leq6,"4,5,6",6,7,1,min,0,0,297,297000,297,0.0,0.0
e4_leq6,"4,5,6",6,7,1,max,0,0,297,297000,297,0.0,0.0
e4_leq6,"4,5,6",6,8,1,0,0,0,101,101000,101,0.0,0.0
e4_leq6,"4,5,6",6,8,1,1,0,0,101,101000,101,0.0,0.0
e4_leq6,"4,5,6",6,8,1,2,0,0,101,101000,101,0.0,0.0
e4_leq6,"4,5,6",6,8,1,mean,0,0,303,303000,303,0.0,0.0
e4_leq6,"4,5,6",6,8,1,min,0,0,303,303000,303,0.0,0.0
e4_leq6,"4,5,6",6,8,1,max,0,0,303,303000,303,0.0,0.0
e4_shift95,"4,5,6,7,8",8,4,0,0,39,0,0,39,39,1.0,1.0
e4_shift95,"4,5,6,7,8",8,4,0,1,39,0,0,39,39,1.0,1.0
e4_shift95,"4,5,6,7,8",8,4,0,2,39,0,0,39,39,1.0,1.0
e4_shift95,"4,5,6,7,8",8,4,0,mean,117,0,0,117,117,1.0,1.0
e4_shift95,"4,5,6,7,8",8,4,0,min,117,0,0,117,117,1.0,1.0
e4_shift95,"4,5,6,7,8",8,4,0,max,117,0,0,117,117,1.0,1.0
e4_shift95,"4,5,6,7,8",8,5,0,0,30,0,0,30,30,1.0,1.0
e4_shift95,"4,5,6,7,8",8,5,0,1,30,0,0,30,30,1.0,1.0
e4_shift95,"4,5,6,7,8",8,5,0,2,30,0,0,30,30,1.0,1.0
e4_shift95,"4,5,6,7,8",8,5,0,mean,90,0,0,90,90,1.0,1.0
e4_shift95,"4,5,6,7,8",8,5,0,min,90,0,0,90,90,1.0,1.0
e4_shift95,"4,5,6,7,8",8,5,0,max,90,0,0,90,90,1.0,1.0
e4_shift95,"4,5,6,7,8",8,6,0,0,48,1,0,49,49,0.979592,1.0208
e4_shift95,"4,5,6,7,8",8,6,0,1,46,3,0,49,49,0.938776,1.0652
e4_shift95,"4,5,6,7,8",8,6,0,2,48,1,0,49,49,0.979592,1.0208
e4_shift95,"4,5,6,7,8",8,6,0,mean,142,5,0,147,147,0.965986,1.0352
e4_shift95,"4,5,6,7,8",8,6,0,min,142,5,0,147,147,0.938776,1.0352
e4_shift95,"4,5,6,7,8",8,6,0,max,142,5,0,147,147,0.979592,1.0352
e4_shift95,"4,5,6,7,8",8,7,0,0,50,1,0,51,51,0.980392,1.02
e4_shift95,"4,5,6,7,8",8,7,0,1,50,1,0,51,51,0.980392,1.02
e4_shift95,"4,5,6,7,8",8,7,0,2,48,3,0,51,51,0.941176,1.0625
e4_shift95,"4,5,6,7,8",8,7,0,mean,148,5,0,153,153,0.96732,1.0338
e4_shift95,"4,5,6,7,8",8,7,0,min,148,5,0,153,153,0.941176,1.0338
e4_shift95,"4,5,6,7,8",8,7,0,max,148,5,0,153,153,0.980392,1.0338
e4_shift95,"4,5,6,7,8",8,8,0,0,29,2,0,31,31,0.935484,1.069
e4_shift95,"4,5,6,7,8",8,8,0,1,30,1,0,31,31,0.967742,1.0333
e4_shift95,"4,5,6,7,8",8,8,0,2,31,0,0,31,31,1.0,1.0
e4_shift95,"4,5,6,7,8",8,8,0,mean,90,3,0,93,93,0.967742,1.0333
e4_shift95,"4,5,6,7,8",8,8,0,min,90,3,0,93,93,0.935484,1.0333
e4_shift95,"4,5,6,7,8",8,8,0,max,90,3,0,93,93,1.0,1.0333
e4_varied_all_cg_off,"4,5,6,7,8",8,4,0,0,38,0,0,38,38,1.0,1.0
e4_varied_all_cg_off,"4,5,6,7,8",8,4,0,1,38,0,0,38,38,1.0,1.0
e4_varied_all_cg_off,"4,5,6,7,8",8,4,0,2,38,0,0,38,38,1.0,1.0
e4_varied_all_cg_off,"4,5,6,7,8",8,4,0,mean,114,0,0,114,114,1.0,1.0
e4_varied_all_cg_off,"4,5,6,7,8",8,4,0,min,114,0,0,114,114,1.0,1.0
e4_varied_all_cg_off,"4,5,6,7,8",8,4,0,max,114,0,0,114,114,1.0,1.0
e4_varied_all_cg_off,"4,5,6,7,8",8,5,0,0,29,0,0,29,29,1.0,1.0
e4_varied_all_cg_off,"4,5,6,7,8",8,5,0,1,29,0,0,29,29,1.0,1.0
e4_varied_all_cg_off,"4,5,6,7,8",8,5,0,2,29,0,0,29,29,1.0,1.0
e4_varied_all_cg_off,"4,5,6,7,8",8,5,0,mean,87,0,0,87,87,1.0,1.0
e4_varied_all_cg_off,"4,5,6,7,8",8,5,0,min,87,0,0,87,87,1.0,1.0
e4_varied_all_cg_off,"4,5,6,7,8",8,5,0,max,87,0,0,87,87,1.0,1.0
e4_varied_all_cg_off,"4,5,6,7,8",8,6,0,0,39,0,0,39,39,1.0,1.0
e4_varied_all_cg_off,"4,5,6,7,8",8,6,0,1,39,0,0,40,39,1.0,1.0256
e4_varied_all_cg_off,"4,5,6,7,8",8,6,0,2,39,0,0,39,39,1.0,1.0
e4_varied_all_cg_off,"4,5,6,7,8",8,6,0,mean,117,0,0,118,117,1.0,1.0085
e4_varied_all_cg_off,"4,5,6,7,8",8,6,0,min,117,0,0,118,117,1.0,1.0085
e4_varied_all_cg_off,"4,5,6,7,8",8,6,0,max,117,0,0,118,117,1.0,1.0085
e4_varied_all_cg_off,"4,5,6,7,8",8,7,0,0,56,1,0,57,57,0.982456,1.0179
e4_varied_all_cg_off,"4,5,6,7,8",8,7,0,1,55,2,0,63,57,0.964912,1.1455
e4_varied_all_cg_off,"4,5,6,7,8",8,7,0,2,56,1,0,59,57,0.982456,1.0536
e4_varied_all_cg_off,"4,5,6,7,8",8,7,0,mean,167,4,0,179,171,0.976608,1.0719
e4_varied_all_cg_off,"4,5,6,7,8",8,7,0,min,167,4,0,179,171,0.964912,1.0719
e4_varied_all_cg_off,"4,5,6,7,8",8,7,0,max,167,4,0,179,171,0.982456,1.0719
e4_varied_all_cg_off,"4,5,6,7,8",8,8,0,0,37,0,0,37,37,1.0,1.0
e4_varied_all_cg_off,"4,5,6,7,8",8,8,0,1,37,0,0,39,37,1.0,1.0541
e4_varied_all_cg_off,"4,5,6,7,8",8,8,0,2,37,0,0,37,37,1.0,1.0
e4_varied_all_cg_off,"4,5,6,7,8",8,8,0,mean,111,0,0,113,111,1.0,1.018
e4_varied_all_cg_off,"4,5,6,7,8",8,8,0,min,111,0,0,113,111,1.0,1.018
e4_varied_all_cg_off,"4,5,6,7,8",8,8,0,max,111,0,0,113,111,1.0,1.018
e4_varied_all_cg_aug,"4,5,6,7,8",8,4,0,0,38,0,0,38,38,1.0,1.0
e4_varied_all_cg_aug,"4,5,6,7,8",8,4,0,1,38,0,0,38,38,1.0,1.0
e4_varied_all_cg_aug,"4,5,6,7,8",8,4,0,2,38,0,0,38,38,1.0,1.0
e4_varied_all_cg_aug,"4,5,6,7,8",8,4,0,mean,114,0,0,114,114,1.0,1.0
e4_varied_all_cg_aug,"4,5,6,7,8",8,4,0,min,114,0,0,114,114,1.0,1.0
e4_varied_all_cg_aug,"4,5,6,7,8",8,4,0,max,114,0,0,114,114,1.0,1.0
e4_varied_all_cg_aug,"4,5,6,7,8",8,5,0,0,29,0,0,29,29,1.0,1.0
e4_varied_all_cg_aug,"4,5,6,7,8",8,5,0,1,29,0,0,29,29,1.0,1.0
e4_varied_all_cg_aug,"4,5,6,7,8",8,5,0,2,29,0,0,29,29,1.0,1.0
e4_varied_all_cg_aug,"4,5,6,7,8",8,5,0,mean,87,0,0,87,87,1.0,1.0
e4_varied_all_cg_aug,"4,5,6,7,8",8,5,0,min,87,0,0,87,87,1.0,1.0
e4_varied_all_cg_aug,"4,5,6,7,8",8,5,0,max,87,0,0,87,87,1.0,1.0
e4_varied_all_cg_aug,"4,5,6,7,8",8,6,0,0,39,0,0,39,39,1.0,1.0
e4_varied_all_cg_aug,"4,5,6,7,8",8,6,0,1,39,0,0,39,39,1.0,1.0
e4_varied_all_cg_aug,"4,5,6,7,8",8,6,0,2,39,0,0,39,39,1.0,1.0
e4_varied_all_cg_aug,"4,5,6,7,8",8,6,0,mean,117,0,0,117,117,1.0,1.0
e4_varied_all_cg_aug,"4,5,6,7,8",8,6,0,min,117,0,0,117,117,1.0,1.0
e4_varied_all_cg_aug,"4,5,6,7,8",8,6,0,max,117,0,0,117,117,1.0,1.0
e4_varied_all_cg_aug,"4,5,6,7,8",8,7,0,0,55,2,0,58,57,0.964912,1.0545
e4_varied_all_cg_aug,"4,5,6,7,8",8,7,0,1,57,0,0,57,57,1.0,1.0
e4_varied_all_cg_aug,"4,5,6,7,8",8,7,0,2,56,1,0,58,57,0.982456,1.0357
e4_varied_all_cg_aug,"4,5,6,7,8",8,7,0,mean,168,3,0,173,171,0.982456,1.0298
e4_varied_all_cg_aug,"4,5,6,7,8",8,7,0,min,168,3,0,173,171,0.964912,1.0298
e4_varied_all_cg_aug,"4,5,6,7,8",8,7,0,max,168,3,0,173,171,1.0,1.0298
e4_varied_all_cg_aug,"4,5,6,7,8",8,8,0,0,36,1,0,37,37,0.972973,1.0278
e4_varied_all_cg_aug,"4,5,6,7,8",8,8,0,1,36,1,0,37,37,0.972973,1.0278
e4_varied_all_cg_aug,"4,5,6,7,8",8,8,0,2,37,0,0,38,37,1.0,1.027
e4_varied_all_cg_aug,"4,5,6,7,8",8,8,0,mean,109,2,0,112,111,0.981982,1.0275
e4_varied_all_cg_aug,"4,5,6,7,8",8,8,0,min,109,2,0,112,111,0.972973,1.0275
e4_varied_all_cg_aug,"4,5,6,7,8",8,8,0,max,109,2,0,112,111,1.0,1.0275
e4_varied_leq5_cg_off,"4,5",5,6,1,0,28,1,0,249,29,0.965517,8.8929
e4_varied_leq5_cg_off,"4,5",5,6,1,1,18,1,1,1067,20,0.9,59.2778
e4_varied_leq5_cg_off,"4,5",5,6,1,2,19,1,0,519,20,0.95,27.3158
e4_varied_leq5_cg_off,"4,5",5,6,1,mean,65,3,1,1835,69,0.938506,28.2308
e4_varied_leq5_cg_off,"4,5",5,6,1,min,65,3,1,1835,69,0.9,28.2308
e4_varied_leq5_cg_off,"4,5",5,6,1,max,65,3,1,1835,69,0.965517,28.2308
e4_varied_leq5_cg_off,"4,5",5,7,1,0,19,1,1,1094,21,0.904762,57.5789
e4_varied_leq5_cg_off,"4,5",5,7,1,1,11,1,2,2012,14,0.785714,182.9091
e4_varied_leq5_cg_off,"4,5",5,7,1,2,12,0,2,2012,14,0.857143,167.6667
e4_varied_leq5_cg_off,"4,5",5,7,1,mean,42,2,5,5118,49,0.849206,121.8571
e4_varied_leq5_cg_off,"4,5",5,7,1,min,42,2,5,5118,49,0.785714,121.8571
e4_varied_leq5_cg_off,"4,5",5,7,1,max,42,2,5,5118,49,0.904762,121.8571
e4_varied_leq5_cg_off,"4,5",5,8,1,0,20,7,7,7167,34,0.588235,358.35
e4_varied_leq5_cg_off,"4,5",5,8,1,1,16,4,7,7699,27,0.592593,481.1875
e4_varied_leq5_cg_off,"4,5",5,8,1,2,19,1,7,7113,27,0.703704,374.3684
e4_varied_leq5_cg_off,"4,5",5,8,1,mean,55,12,21,21979,88,0.628177,399.6182
e4_varied_leq5_cg_off,"4,5",5,8,1,min,55,12,21,21979,88,0.588235,399.6182
e4_varied_leq5_cg_off,"4,5",5,8,1,max,55,12,21,21979,88,0.703704,399.6182
e4_varied_leq5_cg_off,"4,5",5,9,1,0,8,6,21,23204,35,0.228571,2900.5
e4_varied_leq5_cg_off,"4,5",5,9,1,1,6,0,24,24324,30,0.2,4054.0
e4_varied_leq5_cg_off,"4,5",5,9,1,2,3,1,25,25283,29,0.103448,8427.6667
e4_varied_leq5_cg_off,"4,5",5,9,1,mean,17,7,70,72811,94,0.17734,4283.0
e4_varied_leq5_cg_off,"4,5",5,9,1,min,17,7,70,72811,94,0.103448,4283.0
e4_varied_leq5_cg_off,"4,5",5,9,1,max,17,7,70,72811,94,0.228571,4283.0
e4_varied_leq5_cg_off,"4,5",5,10,1,0,2,2,28,28455,32,0.0625,14227.5
e4_varied_leq5_cg_off,"4,5",5,10,1,1,1,0,22,22629,23,0.043478,22629.0
e4_varied_leq5_cg_off,"4,5",5,10,1,2,0,0,23,23000,23,0.0,0.0
e4_varied_leq5_cg_off,"4,5",5,10,1,mean,3,2,73,74084,78,0.035326,24694.6667
e4_varied_leq5_cg_off,"4,5",5,10,1,min,3,2,73,74084,78,0.0,24694.6667
e4_varied_leq5_cg_off,"4,5",5,10,1,max,3,2,73,74084,78,0.0625,24694.6667
e4_varied_leq5_cg_aug,"4,5",5,6,1,0,17,1,2,2279,20,0.85,134.0588
e4_varied_leq5_cg_aug,"4,5",5,6,1,1,16,2,1,1335,19,0.842105,83.4375
e4_varied_leq5_cg_aug,"4,5",5,6,1,2,15,2,2,2027,19,0.789474,135.1333
e4_varied_leq5_cg_aug,"4,5",5,6,1,mean,48,5,5,5641,58,0.827193,117.5208
e4_varied_leq5_cg_aug,"4,5",5,6,1,min,48,5,5,5641,58,0.789474,117.5208
e4_varied_leq5_cg_aug,"4,5",5,6,1,max,48,5,5,5641,58,0.85,117.5208
e4_varied_leq5_cg_aug,"4,5",5,7,1,0,11,0,3,3041,14,0.785714,276.4545
e4_varied_leq5_cg_aug,"4,5",5,7,1,1,13,0,1,1285,14,0.928571,98.8462
e4_varied_leq5_cg_aug,"4,5",5,7,1,2,10,0,4,4010,14,0.714286,401.0
e4_varied_leq5_cg_aug,"4,5",5,7,1,mean,34,0,8,8336,42,0.809524,245.1765
e4_varied_leq5_cg_aug,"4,5",5,7,1,min,34,0,8,8336,42,0.714286,245.1765
e4_varied_leq5_cg_aug,"4,5",5,7,1,max,34,0,8,8336,42,0.928571,245.1765
e4_varied_leq5_cg_aug,"4,5",5,8,1,0,13,1,11,11750,25,0.52,903.8462
e4_varied_leq5_cg_aug,"4,5",5,8,1,1,4,2,17,17970,23,0.173913,4492.5
e4_varied_leq5_cg_aug,"4,5",5,8,1,2,10,1,12,12376,23,0.434783,1237.6
e4_varied_leq5_cg_aug,"4,5",5,8,1,mean,27,4,40,42096,71,0.376232,1559.1111
e4_varied_leq5_cg_aug,"4,5",5,8,1,min,27,4,40,42096,71,0.173913,1559.1111
e4_varied_leq5_cg_aug,"4,5",5,8,1,max,27,4,40,42096,71,0.52,1559.1111
e4_varied_leq5_cg_aug,"4,5",5,9,1,0,5,2,22,22633,29,0.172414,4526.6
e4_varied_leq5_cg_aug,"4,5",5,9,1,1,7,1,19,19212,27,0.259259,2744.5714
e4_varied_leq5_cg_aug,"4,5",5,9,1,2,7,2,19,19455,28,0.25,2779.2857
e4_varied_leq5_cg_aug,"4,5",5,9,1,mean,19,5,60,61300,84,0.227224,3226.3158
e4_varied_leq5_cg_aug,"4,5",5,9,1,min,19,5,60,61300,84,0.172414,3226.3158
e4_varied_leq5_cg_aug,"4,5",5,9,1,max,19,5,60,61300,84,0.259259,3226.3158
e4_varied_leq5_cg_aug,"4,5",5,10,1,0,1,0,19,19008,20,0.05,19008.0
e4_varied_leq5_cg_aug,"4,5",5,10,1,1,0,0,19,19000,19,0.0,0.0
e4_varied_leq5_cg_aug,"4,5",5,10,1,2,0,0,19,19000,19,0.0,0.0
e4_varied_leq5_cg_aug,"4,5",5,10,1,mean,1,0,57,57008,58,0.016667,57008.0
e4_varied_leq5_cg_aug,"4,5",5,10,1,min,1,0,57,57008,58,0.0,57008.0
e4_varied_leq5_cg_aug,"4,5",5,10,1,max,1,0,57,57008,58,0.05,57008.0
e4_varied_leq6_cg_off,"4,5,6",6,7,1,0,49,1,0,57,50,0.98,1.1633
e4_varied_leq6_cg_off,"4,5,6",6,7,1,1,50,0,0,50,50,1.0,1.0
e4_varied_leq6_cg_off,"4,5,6",6,7,1,2,48,2,0,52,50,0.96,1.0833
e4_varied_leq6_cg_off,"4,5,6",6,7,1,mean,147,3,0,159,150,0.98,1.0816
e4_varied_leq6_cg_off,"4,5,6",6,7,1,min,147,3,0,159,150,0.96,1.0816
e4_varied_leq6_cg_off,"4,5,6",6,7,1,max,147,3,0,159,150,1.0,1.0816
e4_varied_leq6_cg_off,"4,5,6",6,8,1,0,42,3,1,1062,46,0.913043,25.2857
e4_varied_leq6_cg_off,"4,5,6",6,8,1,1,39,6,1,1221,46,0.847826,31.3077
e4_varied_leq6_cg_off,"4,5,6",6,8,1,2,41,5,0,57,46,0.891304,1.3902
e4_varied_leq6_cg_off,"4,5,6",6,8,1,mean,122,14,2,2340,138,0.884058,19.1803
e4_varied_leq6_cg_off,"4,5,6",6,8,1,min,122,14,2,2340,138,0.847826,19.1803
e4_varied_leq6_cg_off,"4,5,6",6,8,1,max,122,14,2,2340,138,0.913043,19.1803
e4_varied_leq6_cg_off,"4,5,6",6,9,1,0,47,4,2,2092,53,0.886792,44.5106
e4_varied_leq6_cg_off,"4,5,6",6,9,1,1,41,8,4,4060,53,0.773585,99.0244
e4_varied_leq6_cg_off,"4,5,6",6,9,1,2,48,5,0,141,53,0.90566,2.9375
e4_varied_leq6_cg_off,"4,5,6",6,9,1,mean,136,17,6,6293,159,0.855346,46.2721
e4_varied_leq6_cg_off,"4,5,6",6,9,1,min,136,17,6,6293,159,0.773585,46.2721
e4_varied_leq6_cg_off,"4,5,6",6,9,1,max,136,17,6,6293,159,0.90566,46.2721
e4_varied_leq6_cg_off,"4,5,6",6,10,1,0,33,13,5,5466,51,0.647059,165.6364
e4_varied_leq6_cg_off,"4,5,6",6,10,1,1,24,13,14,14938,51,0.470588,622.4167
e4_varied_leq6_cg_off,"4,5,6",6,10,1,2,34,15,2,4080,51,0.666667,120.0
e4_varied_leq6_cg_off,"4,5,6",6,10,1,mean,91,41,21,24484,153,0.594771,269.0549
e4_varied_leq6_cg_off,"4,5,6",6,10,1,min,91,41,21,24484,153,0.470588,269.0549
e4_varied_leq6_cg_off,"4,5,6",6,10,1,max,91,41,21,24484,153,0.666667,269.0549
e4_varied_leq6_cg_aug,"4,5,6",6,7,1,0,48,1,1,1052,50,0.96,21.9167
e4_varied_leq6_cg_aug,"4,5,6",6,7,1,1,48,2,0,451,50,0.96,9.3958
e4_varied_leq6_cg_aug,"4,5,6",6,7,1,2,47,2,1,1059,50,0.94,22.5319
e4_varied_leq6_cg_aug,"4,5,6",6,7,1,mean,143,5,2,2562,150,0.953333,17.9161
e4_varied_leq6_cg_aug,"4,5,6",6,7,1,min,143,5,2,2562,150,0.94,17.9161
e4_varied_leq6_cg_aug,"4,5,6",6,7,1,max,143,5,2,2562,150,0.96,17.9161
e4_varied_leq6_cg_aug,"4,5,6",6,8,1,0,37,7,2,2334,46,0.804348,63.0811
e4_varied_leq6_cg_aug,"4,5,6",6,8,1,1,38,6,2,2091,46,0.826087,55.0263
e4_varied_leq6_cg_aug,"4,5,6",6,8,1,2,38,5,3,3100,46,0.826087,81.5789
e4_varied_leq6_cg_aug,"4,5,6",6,8,1,mean,113,18,7,7525,138,0.818841,66.5929
e4_varied_leq6_cg_aug,"4,5,6",6,8,1,min,113,18,7,7525,138,0.804348,66.5929
e4_varied_leq6_cg_aug,"4,5,6",6,8,1,max,113,18,7,7525,138,0.826087,66.5929
e4_varied_leq6_cg_aug,"4,5,6",6,9,1,0,41,2,10,11450,53,0.773585,279.2683
e4_varied_leq6_cg_aug,"4,5,6",6,9,1,1,37,4,12,12233,53,0.698113,330.6216
e4_varied_leq6_cg_aug,"4,5,6",6,9,1,2,44,2,7,8455,53,0.830189,192.1591
e4_varied_leq6_cg_aug,"4,5,6",6,9,1,mean,122,8,29,32138,159,0.767296,263.4262
e4_varied_leq6_cg_aug,"4,5,6",6,9,1,min,122,8,29,32138,159,0.698113,263.4262
e4_varied_leq6_cg_aug,"4,5,6",6,9,1,max,122,8,29,32138,159,0.830189,263.4262
e4_varied_leq6_cg_aug,"4,5,6",6,10,1,0,17,10,24,24397,51,0.333333,1435.1176
e4_varied_leq6_cg_aug,"4,5,6",6,10,1,1,16,15,20,22649,51,0.313725,1415.5625
e4_varied_leq6_cg_aug,"4,5,6",6,10,1,2,22,11,18,18641,51,0.431373,847.3182
e4_varied_leq6_cg_aug,"4,5,6",6,10,1,mean,55,36,62,65687,153,0.359477,1194.3091
e4_varied_leq6_cg_aug,"4,5,6",6,10,1,min,55,36,62,65687,153,0.313725,1194.3091
e4_varied_leq6_cg_aug,"4,5,6",6,10,1,max,55,36,62,65687,153,0.431373,1194.3091
e4_varied_shift95_cg_off,"4,5,6,7,8",8,4,0,0,38,0,0,38,38,1.0,1.0
e4_varied_shift95_cg_off,"4,5,6,7,8",8,4,0,1,38,0,0,38,38,1.0,1.0
e4_varied_shift95_cg_off,"4,5,6,7,8",8,4,0,2,38,0,0,38,38,1.0,1.0
e4_varied_shift95_cg_off,"4,5,6,7,8",8,4,0,mean,114,0,0,114,114,1.0,1.0
e4_varied_shift95_cg_off,"4,5,6,7,8",8,4,0,min,114,0,0,114,114,1.0,1.0
e4_varied_shift95_cg_off,"4,5,6,7,8",8,4,0,max,114,0,0,114,114,1.0,1.0
e4_varied_shift95_cg_off,"4,5,6,7,8",8,5,0,0,29,0,0,29,29,1.0,1.0
e4_varied_shift95_cg_off,"4,5,6,7,8",8,5,0,1,29,0,0,29,29,1.0,1.0
e4_varied_shift95_cg_off,"4,5,6,7,8",8,5,0,2,29,0,0,29,29,1.0,1.0
e4_varied_shift95_cg_off,"4,5,6,7,8",8,5,0,mean,87,0,0,87,87,1.0,1.0
e4_varied_shift95_cg_off,"4,5,6,7,8",8,5,0,min,87,0,0,87,87,1.0,1.0
e4_varied_shift95_cg_off,"4,5,6,7,8",8,5,0,max,87,0,0,87,87,1.0,1.0
e4_varied_shift95_cg_off,"4,5,6,7,8",8,6,0,0,36,3,0,39,39,0.923077,1.0833
e4_varied_shift95_cg_off,"4,5,6,7,8",8,6,0,1,37,2,0,40,39,0.948718,1.0811
e4_varied_shift95_cg_off,"4,5,6,7,8",8,6,0,2,38,1,0,41,39,0.974359,1.0789
e4_varied_shift95_cg_off,"4,5,6,7,8",8,6,0,mean,111,6,0,120,117,0.948718,1.0811
e4_varied_shift95_cg_off,"4,5,6,7,8",8,6,0,min,111,6,0,120,117,0.923077,1.0811
e4_varied_shift95_cg_off,"4,5,6,7,8",8,6,0,max,111,6,0,120,117,0.974359,1.0811
e4_varied_shift95_cg_off,"4,5,6,7,8",8,7,0,0,56,1,0,60,57,0.982456,1.0714
e4_varied_shift95_cg_off,"4,5,6,7,8",8,7,0,1,51,6,0,63,57,0.894737,1.2353
e4_varied_shift95_cg_off,"4,5,6,7,8",8,7,0,2,53,4,0,62,57,0.929825,1.1698
e4_varied_shift95_cg_off,"4,5,6,7,8",8,7,0,mean,160,11,0,185,171,0.935673,1.1562
e4_varied_shift95_cg_off,"4,5,6,7,8",8,7,0,min,160,11,0,185,171,0.894737,1.1562
e4_varied_shift95_cg_off,"4,5,6,7,8",8,7,0,max,160,11,0,185,171,0.982456,1.1562
e4_varied_shift95_cg_off,"4,5,6,7,8",8,8,0,0,34,3,0,40,37,0.918919,1.1765
e4_varied_shift95_cg_off,"4,5,6,7,8",8,8,0,1,27,10,0,66,37,0.72973,2.4444
e4_varied_shift95_cg_off,"4,5,6,7,8",8,8,0,2,30,7,0,99,37,0.810811,3.3
e4_varied_shift95_cg_off,"4,5,6,7,8",8,8,0,mean,91,20,0,205,111,0.81982,2.2527
e4_varied_shift95_cg_off,"4,5,6,7,8",8,8,0,min,91,20,0,205,111,0.72973,2.2527
e4_varied_shift95_cg_off,"4,5,6,7,8",8,8,0,max,91,20,0,205,111,0.918919,2.2527
e4_varied_shift95_cg_aug,"4,5,6,7,8",8,4,0,0,38,0,0,38,38,1.0,1.0
e4_varied_shift95_cg_aug,"4,5,6,7,8",8,4,0,1,38,0,0,38,38,1.0,1.0
e4_varied_shift95_cg_aug,"4,5,6,7,8",8,4,0,2,38,0,0,38,38,1.0,1.0
e4_varied_shift95_cg_aug,"4,5,6,7,8",8,4,0,mean,114,0,0,114,114,1.0,1.0
e4_varied_shift95_cg_aug,"4,5,6,7,8",8,4,0,min,114,0,0,114,114,1.0,1.0
e4_varied_shift95_cg_aug,"4,5,6,7,8",8,4,0,max,114,0,0,114,114,1.0,1.0
e4_varied_shift95_cg_aug,"4,5,6,7,8",8,5,0,0,29,0,0,29,29,1.0,1.0
e4_varied_shift95_cg_aug,"4,5,6,7,8",8,5,0,1,29,0,0,29,29,1.0,1.0
e4_varied_shift95_cg_aug,"4,5,6,7,8",8,5,0,2,29,0,0,29,29,1.0,1.0
e4_varied_shift95_cg_aug,"4,5,6,7,8",8,5,0,mean,87,0,0,87,87,1.0,1.0
e4_varied_shift95_cg_aug,"4,5,6,7,8",8,5,0,min,87,0,0,87,87,1.0,1.0
e4_varied_shift95_cg_aug,"4,5,6,7,8",8,5,0,max,87,0,0,87,87,1.0,1.0
e4_varied_shift95_cg_aug,"4,5,6,7,8",8,6,0,0,36,3,0,45,39,0.923077,1.25
e4_varied_shift95_cg_aug,"4,5,6,7,8",8,6,0,1,37,2,0,39,39,0.948718,1.0541
e4_varied_shift95_cg_aug,"4,5,6,7,8",8,6,0,2,38,1,0,39,39,0.974359,1.0263
e4_varied_shift95_cg_aug,"4,5,6,7,8",8,6,0,mean,111,6,0,123,117,0.948718,1.1081
e4_varied_shift95_cg_aug,"4,5,6,7,8",8,6,0,min,111,6,0,123,117,0.923077,1.1081
e4_varied_shift95_cg_aug,"4,5,6,7,8",8,6,0,max,111,6,0,123,117,0.974359,1.1081
e4_varied_shift95_cg_aug,"4,5,6,7,8",8,7,0,0,55,1,1,1258,57,0.964912,22.8727
e4_varied_shift95_cg_aug,"4,5,6,7,8",8,7,0,1,54,2,1,1483,57,0.947368,27.463
e4_varied_shift95_cg_aug,"4,5,6,7,8",8,7,0,2,55,2,0,86,57,0.964912,1.5636
e4_varied_shift95_cg_aug,"4,5,6,7,8",8,7,0,mean,164,5,2,2827,171,0.959064,17.2378
e4_varied_shift95_cg_aug,"4,5,6,7,8",8,7,0,min,164,5,2,2827,171,0.947368,17.2378
e4_varied_shift95_cg_aug,"4,5,6,7,8",8,7,0,max,164,5,2,2827,171,0.964912,17.2378
e4_varied_shift95_cg_aug,"4,5,6,7,8",8,8,0,0,33,4,0,39,37,0.891892,1.1818
e4_varied_shift95_cg_aug,"4,5,6,7,8",8,8,0,1,34,3,0,134,37,0.918919,3.9412
e4_varied_shift95_cg_aug,"4,5,6,7,8",8,8,0,2,35,2,0,63,37,0.945946,1.8
e4_varied_shift95_cg_aug,"4,5,6,7,8",8,8,0,mean,102,9,0,236,111,0.918919,2.3137
e4_varied_shift95_cg_aug,"4,5,6,7,8",8,8,0,min,102,9,0,236,111,0.891892,2.3137
e4_varied_shift95_cg_aug,"4,5,6,7,8",8,8,0,max,102,9,0,236,111,0.945946,2.3137
e4_shift1k_h03_s1k,"4,5,6,7,8",8,4,0,0,39,0,0,39,39,1.0,1.0
e4_shift1k_h03_s1k,"4,5,6,7,8",8,4,0,mean,39,0,0,39,39,1.0,1.0
e4_shift1k_h03_s1k,"4,5,6,7,8",8,4,0,min,39,0,0,39,39,1.0,1.0
e4_shift1k_h03_s1k,"4,5,6,7,8",8,4,0,max,39,0,0,39,39,1.0,1.0
e4_shift1k_h03_s1k,"4,5,6,7,8",8,5,0,0,30,0,0,30,30,1.0,1.0
e4_shift1k_h03_s1k,"4,5,6,7,8",8,5,0,mean,30,0,0,30,30,1.0,1.0
e4_shift1k_h03_s1k,"4,5,6,7,8",8,5,0,min,30,0,0,30,30,1.0,1.0
e4_shift1k_h03_s1k,"4,5,6,7,8",8,5,0,max,30,0,0,30,30,1.0,1.0
e4_shift1k_h03_s1k,"4,5,6,7,8",8,6,0,0,12,37,0,104,49,0.244898,8.6667
e4_shift1k_h03_s1k,"4,5,6,7,8",8,6,0,mean,12,37,0,104,49,0.244898,8.6667
e4_shift1k_h03_s1k,"4,5,6,7,8",8,6,0,min,12,37,0,104,49,0.244898,8.6667
e4_shift1k_h03_s1k,"4,5,6,7,8",8,6,0,max,12,37,0,104,49,0.244898,8.6667
e4_shift1k_h03_s1k,"4,5,6,7,8",8,7,0,0,18,33,0,385,51,0.352941,21.3889
e4_shift1k_h03_s1k,"4,5,6,7,8",8,7,0,mean,18,33,0,385,51,0.352941,21.3889
e4_shift1k_h03_s1k,"4,5,6,7,8",8,7,0,min,18,33,0,385,51,0.352941,21.3889
e4_shift1k_h03_s1k,"4,5,6,7,8",8,7,0,max,18,33,0,385,51,0.352941,21.3889
e4_shift1k_h03_s1k,"4,5,6,7,8",8,8,0,0,4,26,1,1101,31,0.129032,275.25
e4_shift1k_h03_s1k,"4,5,6,7,8",8,8,0,mean,4,26,1,1101,31,0.129032,275.25
e4_shift1k_h03_s1k,"4,5,6,7,8",8,8,0,min,4,26,1,1101,31,0.129032,275.25
e4_shift1k_h03_s1k,"4,5,6,7,8",8,8,0,max,4,26,1,1101,31,0.129032,275.25
e4_shift1k_h03_s1k_rope,"4,5,6,7,8",8,4,0,0,39,0,0,39,39,1.0,1.0
e4_shift1k_h03_s1k_rope,"4,5,6,7,8",8,4,0,mean,39,0,0,39,39,1.0,1.0
e4_shift1k_h03_s1k_rope,"4,5,6,7,8",8,4,0,min,39,0,0,39,39,1.0,1.0
e4_shift1k_h03_s1k_rope,"4,5,6,7,8",8,4,0,max,39,0,0,39,39,1.0,1.0
e4_shift1k_h03_s1k_rope,"4,5,6,7,8",8,5,0,0,30,0,0,30,30,1.0,1.0
e4_shift1k_h03_s1k_rope,"4,5,6,7,8",8,5,0,mean,30,0,0,30,30,1.0,1.0
e4_shift1k_h03_s1k_rope,"4,5,6,7,8",8,5,0,min,30,0,0,30,30,1.0,1.0
e4_shift1k_h03_s1k_rope,"4,5,6,7,8",8,5,0,max,30,0,0,30,30,1.0,1.0
e4_shift1k_h03_s1k_rope,"4,5,6,7,8",8,6,0,0,13,36,0,180,49,0.265306,13.8462
e4_shift1k_h03_s1k_rope,"4,5,6,7,8",8,6,0,mean,13,36,0,180,49,0.265306,13.8462
e4_shift1k_h03_s1k_rope,"4,5,6,7,8",8,6,0,min,13,36,0,180,49,0.265306,13.8462
e4_shift1k_h03_s1k_rope,"4,5,6,7,8",8,6,0,max,13,36,0,180,49,0.265306,13.8462
e4_shift1k_h03_s1k_rope,"4,5,6,7,8",8,7,0,0,8,43,0,289,51,0.156863,36.125
e4_shift1k_h03_s1k_rope,"4,5,6,7,8",8,7,0,mean,8,43,0,289,51,0.156863,36.125
e4_shift1k_h03_s1k_rope,"4,5,6,7,8",8,7,0,min,8,43,0,289,51,0.156863,36.125
e4_shift1k_h03_s1k_rope,"4,5,6,7,8",8,7,0,max,8,43,0,289,51,0.156863,36.125
e4_shift1k_h03_s1k_rope,"4,5,6,7,8",8,8,0,0,4,27,0,453,31,0.129032,113.25
e4_shift1k_h03_s1k_rope,"4,5,6,7,8",8,8,0,mean,4,27,0,453,31,0.129032,113.25
e4_shift1k_h03_s1k_rope,"4,5,6,7,8",8,8,0,min,4,27,0,453,31,0.129032,113.25
e4_shift1k_h03_s1k_rope,"4,5,6,7,8",8,8,0,max,4,27,0,453,31,0.129032,113.25
e4_shift1k_h03,"4,5,6,7,8",8,4,0,0,39,0,0,39,39,1.0,1.0
e4_shift1k_h03,"4,5,6,7,8",8,4,0,mean,39,0,0,39,39,1.0,1.0
e4_shift1k_h03,"4,5,6,7,8",8,4,0,min,39,0,0,39,39,1.0,1.0
e4_shift1k_h03,"4,5,6,7,8",8,4,0,max,39,0,0,39,39,1.0,1.0
e4_shift1k_h03,"4,5,6,7,8",8,5,0,0,30,0,0,30,30,1.0,1.0
e4_shift1k_h03,"4,5,6,7,8",8,5,0,mean,30,0,0,30,30,1.0,1.0
e4_shift1k_h03,"4,5,6,7,8",8,5,0,min,30,0,0,30,30,1.0,1.0
e4_shift1k_h03,"4,5,6,7,8",8,5,0,max,30,0,0,30,30,1.0,1.0
e4_shift1k_h03,"4,5,6,7,8",8,6,0,0,24,25,0,49,49,0.489796,2.0417
e4_shift1k_h03,"4,5,6,7,8",8,6,0,mean,24,25,0,49,49,0.489796,2.0417
e4_shift1k_h03,"4,5,6,7,8",8,6,0,min,24,25,0,49,49,0.489796,2.0417
e4_shift1k_h03,"4,5,6,7,8",8,6,0,max,24,25,0,49,49,0.489796,2.0417
e4_shift1k_h03,"4,5,6,7,8",8,7,0,0,21,30,0,51,51,0.411765,2.4286
e4_shift1k_h03,"4,5,6,7,8",8,7,0,mean,21,30,0,51,51,0.411765,2.4286
e4_shift1k_h03,"4,5,6,7,8",8,7,0,min,21,30,0,51,51,0.411765,2.4286
e4_shift1k_h03,"4,5,6,7,8",8,7,0,max,21,30,0,51,51,0.411765,2.4286
e4_shift1k_h03,"4,5,6,7,8",8,8,0,0,4,27,0,34,31,0.129032,8.5
e4_shift1k_h03,"4,5,6,7,8",8,8,0,mean,4,27,0,34,31,0.129032,8.5
e4_shift1k_h03,"4,5,6,7,8",8,8,0,min,4,27,0,34,31,0.129032,8.5
e4_shift1k_h03,"4,5,6,7,8",8,8,0,max,4,27,0,34,31,0.129032,8.5
e4_shift1k_h03_rope,"4,5,6,7,8",8,4,0,0,39,0,0,39,39,1.0,1.0
e4_shift1k_h03_rope,"4,5,6,7,8",8,4,0,mean,39,0,0,39,39,1.0,1.0
e4_shift1k_h03_rope,"4,5,6,7,8",8,4,0,min,39,0,0,39,39,1.0,1.0
e4_shift1k_h03_rope,"4,5,6,7,8",8,4,0,max,39,0,0,39,39,1.0,1.0
e4_shift1k_h03_rope,"4,5,6,7,8",8,5,0,0,30,0,0,30,30,1.0,1.0
e4_shift1k_h03_rope,"4,5,6,7,8",8,5,0,mean,30,0,0,30,30,1.0,1.0
e4_shift1k_h03_rope,"4,5,6,7,8",8,5,0,min,30,0,0,30,30,1.0,1.0
e4_shift1k_h03_rope,"4,5,6,7,8",8,5,0,max,30,0,0,30,30,1.0,1.0
e4_shift1k_h03_rope,"4,5,6,7,8",8,6,0,0,37,12,0,200,49,0.755102,5.4054
e4_shift1k_h03_rope,"4,5,6,7,8",8,6,0,mean,37,12,0,200,49,0.755102,5.4054
e4_shift1k_h03_rope,"4,5,6,7,8",8,6,0,min,37,12,0,200,49,0.755102,5.4054
e4_shift1k_h03_rope,"4,5,6,7,8",8,6,0,max,37,12,0,200,49,0.755102,5.4054
e4_shift1k_h03_rope,"4,5,6,7,8",8,7,0,0,15,36,0,62,51,0.294118,4.1333
e4_shift1k_h03_rope,"4,5,6,7,8",8,7,0,mean,15,36,0,62,51,0.294118,4.1333
e4_shift1k_h03_rope,"4,5,6,7,8",8,7,0,min,15,36,0,62,51,0.294118,4.1333
e4_shift1k_h03_rope,"4,5,6,7,8",8,7,0,max,15,36,0,62,51,0.294118,4.1333
e4_shift1k_h03_rope,"4,5,6,7,8",8,8,0,0,4,27,0,50,31,0.129032,12.5
e4_shift1k_h03_rope,"4,5,6,7,8",8,8,0,mean,4,27,0,50,31,0.129032,12.5
e4_shift1k_h03_rope,"4,5,6,7,8",8,8,0,min,4,27,0,50,31,0.129032,12.5
e4_shift1k_h03_rope,"4,5,6,7,8",8,8,0,max,4,27,0,50,31,0.129032,12.5
e4_shift1k_h06_s1k,"4,5,6,7,8",8,4,0,0,39,0,0,39,39,1.0,1.0
e4_shift1k_h06_s1k,"4,5,6,7,8",8,4,0,mean,39,0,0,39,39,1.0,1.0
e4_shift1k_h06_s1k,"4,5,6,7,8",8,4,0,min,39,0,0,39,39,1.0,1.0
e4_shift1k_h06_s1k,"4,5,6,7,8",8,4,0,max,39,0,0,39,39,1.0,1.0
e4_shift1k_h06_s1k,"4,5,6,7,8",8,5,0,0,30,0,0,30,30,1.0,1.0
e4_shift1k_h06_s1k,"4,5,6,7,8",8,5,0,mean,30,0,0,30,30,1.0,1.0
e4_shift1k_h06_s1k,"4,5,6,7,8",8,5,0,min,30,0,0,30,30,1.0,1.0
e4_shift1k_h06_s1k,"4,5,6,7,8",8,5,0,max,30,0,0,30,30,1.0,1.0
e4_shift1k_h06_s1k,"4,5,6,7,8",8,6,0,0,14,29,6,6978,49,0.285714,498.4286
e4_shift1k_h06_s1k,"4,5,6,7,8",8,6,0,mean,14,29,6,6978,49,0.285714,498.4286
e4_shift1k_h06_s1k,"4,5,6,7,8",8,6,0,min,14,29,6,6978,49,0.285714,498.4286
e4_shift1k_h06_s1k,"4,5,6,7,8",8,6,0,max,14,29,6,6978,49,0.285714,498.4286
e4_shift1k_h06_s1k,"4,5,6,7,8",8,7,0,0,24,18,9,9727,51,0.470588,405.2917
e4_shift1k_h06_s1k,"4,5,6,7,8",8,7,0,mean,24,18,9,9727,51,0.470588,405.2917
e4_shift1k_h06_s1k,"4,5,6,7,8",8,7,0,min,24,18,9,9727,51,0.470588,405.2917
e4_shift1k_h06_s1k,"4,5,6,7,8",8,7,0,max,24,18,9,9727,51,0.470588,405.2917
e4_shift1k_h06_s1k,"4,5,6,7,8",8,8,0,0,6,19,6,6257,31,0.193548,1042.8333
e4_shift1k_h06_s1k,"4,5,6,7,8",8,8,0,mean,6,19,6,6257,31,0.193548,1042.8333
e4_shift1k_h06_s1k,"4,5,6,7,8",8,8,0,min,6,19,6,6257,31,0.193548,1042.8333
e4_shift1k_h06_s1k,"4,5,6,7,8",8,8,0,max,6,19,6,6257,31,0.193548,1042.8333
e4_shift1k_h06_s1k_rope,"4,5,6,7,8",8,4,0,0,39,0,0,39,39,1.0,1.0
e4_shift1k_h06_s1k_rope,"4,5,6,7,8",8,4,0,mean,39,0,0,39,39,1.0,1.0
e4_shift1k_h06_s1k_rope,"4,5,6,7,8",8,4,0,min,39,0,0,39,39,1.0,1.0
e4_shift1k_h06_s1k_rope,"4,5,6,7,8",8,4,0,max,39,0,0,39,39,1.0,1.0
e4_shift1k_h06_s1k_rope,"4,5,6,7,8",8,5,0,0,30,0,0,30,30,1.0,1.0
e4_shift1k_h06_s1k_rope,"4,5,6,7,8",8,5,0,mean,30,0,0,30,30,1.0,1.0
e4_shift1k_h06_s1k_rope,"4,5,6,7,8",8,5,0,min,30,0,0,30,30,1.0,1.0
e4_shift1k_h06_s1k_rope,"4,5,6,7,8",8,5,0,max,30,0,0,30,30,1.0,1.0
e4_shift1k_h06_s1k_rope,"4,5,6,7,8",8,6,0,0,17,32,0,72,49,0.346939,4.2353
e4_shift1k_h06_s1k_rope,"4,5,6,7,8",8,6,0,mean,17,32,0,72,49,0.346939,4.2353
e4_shift1k_h06_s1k_rope,"4,5,6,7,8",8,6,0,min,17,32,0,72,49,0.346939,4.2353
e4_shift1k_h06_s1k_rope,"4,5,6,7,8",8,6,0,max,17,32,0,72,49,0.346939,4.2353
e4_shift1k_h06_s1k_rope,"4,5,6,7,8",8,7,0,0,23,28,0,87,51,0.45098,3.7826
e4_shift1k_h06_s1k_rope,"4,5,6,7,8",8,7,0,mean,23,28,0,87,51,0.45098,3.7826
e4_shift1k_h06_s1k_rope,"4,5,6,7,8",8,7,0,min,23,28,0,87,51,0.45098,3.7826
e4_shift1k_h06_s1k_rope,"4,5,6,7,8",8,7,0,max,23,28,0,87,51,0.45098,3.7826
e4_shift1k_h06_s1k_rope,"4,5,6,7,8",8,8,0,0,7,24,0,99,31,0.225806,14.1429
e4_shift1k_h06_s1k_rope,"4,5,6,7,8",8,8,0,mean,7,24,0,99,31,0.225806,14.1429
e4_shift1k_h06_s1k_rope,"4,5,6,7,8",8,8,0,min,7,24,0,99,31,0.225806,14.1429
e4_shift1k_h06_s1k_rope,"4,5,6,7,8",8,8,0,max,7,24,0,99,31,0.225806,14.1429
e4_shift1k_h06,"4,5,6,7,8",8,4,0,0,39,0,0,39,39,1.0,1.0
e4_shift1k_h06,"4,5,6,7,8",8,4,0,mean,39,0,0,39,39,1.0,1.0
e4_shift1k_h06,"4,5,6,7,8",8,4,0,min,39,0,0,39,39,1.0,1.0
e4_shift1k_h06,"4,5,6,7,8",8,4,0,max,39,0,0,39,39,1.0,1.0
e4_shift1k_h06,"4,5,6,7,8",8,5,0,0,30,0,0,30,30,1.0,1.0
e4_shift1k_h06,"4,5,6,7,8",8,5,0,mean,30,0,0,30,30,1.0,1.0
e4_shift1k_h06,"4,5,6,7,8",8,5,0,min,30,0,0,30,30,1.0,1.0
e4_shift1k_h06,"4,5,6,7,8",8,5,0,max,30,0,0,30,30,1.0,1.0
e4_shift1k_h06,"4,5,6,7,8",8,6,0,0,21,28,0,49,49,0.428571,2.3333
e4_shift1k_h06,"4,5,6,7,8",8,6,0,mean,21,28,0,49,49,0.428571,2.3333
e4_shift1k_h06,"4,5,6,7,8",8,6,0,min,21,28,0,49,49,0.428571,2.3333
e4_shift1k_h06,"4,5,6,7,8",8,6,0,max,21,28,0,49,49,0.428571,2.3333
e4_shift1k_h06,"4,5,6,7,8",8,7,0,0,27,24,0,52,51,0.529412,1.9259
e4_shift1k_h06,"4,5,6,7,8",8,7,0,mean,27,24,0,52,51,0.529412,1.9259
e4_shift1k_h06,"4,5,6,7,8",8,7,0,min,27,24,0,52,51,0.529412,1.9259
e4_shift1k_h06,"4,5,6,7,8",8,7,0,max,27,24,0,52,51,0.529412,1.9259
e4_shift1k_h06,"4,5,6,7,8",8,8,0,0,11,20,0,32,31,0.354839,2.9091
e4_shift1k_h06,"4,5,6,7,8",8,8,0,mean,11,20,0,32,31,0.354839,2.9091
e4_shift1k_h06,"4,5,6,7,8",8,8,0,min,11,20,0,32,31,0.354839,2.9091
e4_shift1k_h06,"4,5,6,7,8",8,8,0,max,11,20,0,32,31,0.354839,2.9091
e4_shift1k_h06_rope,"4,5,6,7,8",8,4,0,0,39,0,0,39,39,1.0,1.0
e4_shift1k_h06_rope,"4,5,6,7,8",8,4,0,mean,39,0,0,39,39,1.0,1.0
e4_shift1k_h06_rope,"4,5,6,7,8",8,4,0,min,39,0,0,39,39,1.0,1.0
e4_shift1k_h06_rope,"4,5,6,7,8",8,4,0,max,39,0,0,39,39,1.0,1.0
e4_shift1k_h06_rope,"4,5,6,7,8",8,5,0,0,30,0,0,30,30,1.0,1.0
e4_shift1k_h06_rope,"4,5,6,7,8",8,5,0,mean,30,0,0,30,30,1.0,1.0
e4_shift1k_h06_rope,"4,5,6,7,8",8,5,0,min,30,0,0,30,30,1.0,1.0
e4_shift1k_h06_rope,"4,5,6,7,8",8,5,0,max,30,0,0,30,30,1.0,1.0
e4_shift1k_h06_rope,"4,5,6,7,8",8,6,0,0,30,19,0,49,49,0.612245,1.6333
e4_shift1k_h06_rope,"4,5,6,7,8",8,6,0,mean,30,19,0,49,49,0.612245,1.6333
e4_shift1k_h06_rope,"4,5,6,7,8",8,6,0,min,30,19,0,49,49,0.612245,1.6333
e4_shift1k_h06_rope,"4,5,6,7,8",8,6,0,max,30,19,0,49,49,0.612245,1.6333
e4_shift1k_h06_rope,"4,5,6,7,8",8,7,0,0,35,16,0,52,51,0.686275,1.4857
e4_shift1k_h06_rope,"4,5,6,7,8",8,7,0,mean,35,16,0,52,51,0.686275,1.4857
e4_shift1k_h06_rope,"4,5,6,7,8",8,7,0,min,35,16,0,52,51,0.686275,1.4857
e4_shift1k_h06_rope,"4,5,6,7,8",8,7,0,max,35,16,0,52,51,0.686275,1.4857
e4_shift1k_h06_rope,"4,5,6,7,8",8,8,0,0,8,23,0,41,31,0.258065,5.125
e4_shift1k_h06_rope,"4,5,6,7,8",8,8,0,mean,8,23,0,41,31,0.258065,5.125
e4_shift1k_h06_rope,"4,5,6,7,8",8,8,0,min,8,23,0,41,31,0.258065,5.125
e4_shift1k_h06_rope,"4,5,6,7,8",8,8,0,max,8,23,0,41,31,0.258065,5.125
e4_shift1k_h12_s1k,"4,5,6,7,8",8,4,0,0,39,0,0,39,39,1.0,1.0
e4_shift1k_h12_s1k,"4,5,6,7,8",8,4,0,mean,39,0,0,39,39,1.0,1.0
e4_shift1k_h12_s1k,"4,5,6,7,8",8,4,0,min,39,0,0,39,39,1.0,1.0
e4_shift1k_h12_s1k,"4,5,6,7,8",8,4,0,max,39,0,0,39,39,1.0,1.0
e4_shift1k_h12_s1k,"4,5,6,7,8",8,5,0,0,30,0,0,30,30,1.0,1.0
e4_shift1k_h12_s1k,"4,5,6,7,8",8,5,0,mean,30,0,0,30,30,1.0,1.0
e4_shift1k_h12_s1k,"4,5,6,7,8",8,5,0,min,30,0,0,30,30,1.0,1.0
e4_shift1k_h12_s1k,"4,5,6,7,8",8,5,0,max,30,0,0,30,30,1.0,1.0
e4_shift1k_h12_s1k,"4,5,6,7,8",8,6,0,0,26,23,0,88,49,0.530612,3.3846
e4_shift1k_h12_s1k,"4,5,6,7,8",8,6,0,mean,26,23,0,88,49,0.530612,3.3846
e4_shift1k_h12_s1k,"4,5,6,7,8",8,6,0,min,26,23,0,88,49,0.530612,3.3846
e4_shift1k_h12_s1k,"4,5,6,7,8",8,6,0,max,26,23,0,88,49,0.530612,3.3846
e4_shift1k_h12_s1k,"4,5,6,7,8",8,7,0,0,30,21,0,115,51,0.588235,3.8333
e4_shift1k_h12_s1k,"4,5,6,7,8",8,7,0,mean,30,21,0,115,51,0.588235,3.8333
e4_shift1k_h12_s1k,"4,5,6,7,8",8,7,0,min,30,21,0,115,51,0.588235,3.8333
e4_shift1k_h12_s1k,"4,5,6,7,8",8,7,0,max,30,21,0,115,51,0.588235,3.8333
e4_shift1k_h12_s1k,"4,5,6,7,8",8,8,0,0,11,20,0,101,31,0.354839,9.1818
e4_shift1k_h12_s1k,"4,5,6,7,8",8,8,0,mean,11,20,0,101,31,0.354839,9.1818
e4_shift1k_h12_s1k,"4,5,6,7,8",8,8,0,min,11,20,0,101,31,0.354839,9.1818
e4_shift1k_h12_s1k,"4,5,6,7,8",8,8,0,max,11,20,0,101,31,0.354839,9.1818
e4_shift1k_h12_s1k_rope,"4,5,6,7,8",8,4,0,0,39,0,0,39,39,1.0,1.0
e4_shift1k_h12_s1k_rope,"4,5,6,7,8",8,4,0,mean,39,0,0,39,39,1.0,1.0
e4_shift1k_h12_s1k_rope,"4,5,6,7,8",8,4,0,min,39,0,0,39,39,1.0,1.0
e4_shift1k_h12_s1k_rope,"4,5,6,7,8",8,4,0,max,39,0,0,39,39,1.0,1.0
e4_shift1k_h12_s1k_rope,"4,5,6,7,8",8,5,0,0,30,0,0,30,30,1.0,1.0
e4_shift1k_h12_s1k_rope,"4,5,6,7,8",8,5,0,mean,30,0,0,30,30,1.0,1.0
e4_shift1k_h12_s1k_rope,"4,5,6,7,8",8,5,0,min,30,0,0,30,30,1.0,1.0
e4_shift1k_h12_s1k_rope,"4,5,6,7,8",8,5,0,max,30,0,0,30,30,1.0,1.0
e4_shift1k_h12_s1k_rope,"4,5,6,7,8",8,6,0,0,43,6,0,59,49,0.877551,1.3721
e4_shift1k_h12_s1k_rope,"4,5,6,7,8",8,6,0,mean,43,6,0,59,49,0.877551,1.3721
e4_shift1k_h12_s1k_rope,"4,5,6,7,8",8,6,0,min,43,6,0,59,49,0.877551,1.3721
e4_shift1k_h12_s1k_rope,"4,5,6,7,8",8,6,0,max,43,6,0,59,49,0.877551,1.3721
e4_shift1k_h12_s1k_rope,"4,5,6,7,8",8,7,0,0,37,14,0,65,51,0.72549,1.7568
e4_shift1k_h12_s1k_rope,"4,5,6,7,8",8,7,0,mean,37,14,0,65,51,0.72549,1.7568
e4_shift1k_h12_s1k_rope,"4,5,6,7,8",8,7,0,min,37,14,0,65,51,0.72549,1.7568
e4_shift1k_h12_s1k_rope,"4,5,6,7,8",8,7,0,max,37,14,0,65,51,0.72549,1.7568
e4_shift1k_h12_s1k_rope,"4,5,6,7,8",8,8,0,0,11,20,0,72,31,0.354839,6.5455
e4_shift1k_h12_s1k_rope,"4,5,6,7,8",8,8,0,mean,11,20,0,72,31,0.354839,6.5455
e4_shift1k_h12_s1k_rope,"4,5,6,7,8",8,8,0,min,11,20,0,72,31,0.354839,6.5455
e4_shift1k_h12_s1k_rope,"4,5,6,7,8",8,8,0,max,11,20,0,72,31,0.354839,6.5455
e4_shift1k_h12,"4,5,6,7,8",8,4,0,0,39,0,0,39,39,1.0,1.0
e4_shift1k_h12,"4,5,6,7,8",8,4,0,mean,39,0,0,39,39,1.0,1.0
e4_shift1k_h12,"4,5,6,7,8",8,4,0,min,39,0,0,39,39,1.0,1.0
e4_shift1k_h12,"4,5,6,7,8",8,4,0,max,39,0,0,39,39,1.0,1.0
e4_shift1k_h12,"4,5,6,7,8",8,5,0,0,30,0,0,30,30,1.0,1.0
e4_shift1k_h12,"4,5,6,7,8",8,5,0,mean,30,0,0,30,30,1.0,1.0
e4_shift1k_h12,"4,5,6,7,8",8,5,0,min,30,0,0,30,30,1.0,1.0
e4_shift1k_h12,"4,5,6,7,8",8,5,0,max,30,0,0,30,30,1.0,1.0
e4_shift1k_h12,"4,5,6,7,8",8,6,0,0,39,10,0,49,49,0.795918,1.2564
e4_shift1k_h12,"4,5,6,7,8",8,6,0,mean,39,10,0,49,49,0.795918,1.2564
e4_shift1k_h12,"4,5,6,7,8",8,6,0,min,39,10,0,49,49,0.795918,1.2564
e4_shift1k_h12,"4,5,6,7,8",8,6,0,max,39,10,0,49,49,0.795918,1.2564
e4_shift1k_h12,"4,5,6,7,8",8,7,0,0,43,8,0,51,51,0.843137,1.186
e4_shift1k_h12,"4,5,6,7,8",8,7,0,mean,43,8,0,51,51,0.843137,1.186
e4_shift1k_h12,"4,5,6,7,8",8,7,0,min,43,8,0,51,51,0.843137,1.186
e4_shift1k_h12,"4,5,6,7,8",8,7,0,max,43,8,0,51,51,0.843137,1.186
e4_shift1k_h12,"4,5,6,7,8",8,8,0,0,14,17,0,31,31,0.451613,2.2143
e4_shift1k_h12,"4,5,6,7,8",8,8,0,mean,14,17,0,31,31,0.451613,2.2143
e4_shift1k_h12,"4,5,6,7,8",8,8,0,min,14,17,0,31,31,0.451613,2.2143
e4_shift1k_h12,"4,5,6,7,8",8,8,0,max,14,17,0,31,31,0.451613,2.2143
e4_shift1k_h12_rope,"4,5,6,7,8",8,4,0,0,39,0,0,39,39,1.0,1.0
e4_shift1k_h12_rope,"4,5,6,7,8",8,4,0,mean,39,0,0,39,39,1.0,1.0
e4_shift1k_h12_rope,"4,5,6,7,8",8,4,0,min,39,0,0,39,39,1.0,1.0
e4_shift1k_h12_rope,"4,5,6,7,8",8,4,0,max,39,0,0,39,39,1.0,1.0
e4_shift1k_h12_rope,"4,5,6,7,8",8,5,0,0,30,0,0,30,30,1.0,1.0
e4_shift1k_h12_rope,"4,5,6,7,8",8,5,0,mean,30,0,0,30,30,1.0,1.0
e4_shift1k_h12_rope,"4,5,6,7,8",8,5,0,min,30,0,0,30,30,1.0,1.0
e4_shift1k_h12_rope,"4,5,6,7,8",8,5,0,max,30,0,0,30,30,1.0,1.0
e4_shift1k_h12_rope,"4,5,6,7,8",8,6,0,0,49,0,0,49,49,1.0,1.0
e4_shift1k_h12_rope,"4,5,6,7,8",8,6,0,mean,49,0,0,49,49,1.0,1.0
e4_shift1k_h12_rope,"4,5,6,7,8",8,6,0,min,49,0,0,49,49,1.0,1.0
e4_shift1k_h12_rope,"4,5,6,7,8",8,6,0,max,49,0,0,49,49,1.0,1.0
e4_shift1k_h12_rope,"4,5,6,7,8",8,7,0,0,47,4,0,51,51,0.921569,1.0851
e4_shift1k_h12_rope,"4,5,6,7,8",8,7,0,mean,47,4,0,51,51,0.921569,1.0851
e4_shift1k_h12_rope,"4,5,6,7,8",8,7,0,min,47,4,0,51,51,0.921569,1.0851
e4_shift1k_h12_rope,"4,5,6,7,8",8,7,0,max,47,4,0,51,51,0.921569,1.0851
e4_shift1k_h12_rope,"4,5,6,7,8",8,8,0,0,18,13,0,35,31,0.580645,1.9444
e4_shift1k_h12_rope,"4,5,6,7,8",8,8,0,mean,18,13,0,35,31,0.580645,1.9444
e4_shift1k_h12_rope,"4,5,6,7,8",8,8,0,min,18,13,0,35,31,0.580645,1.9444
e4_shift1k_h12_rope,"4,5,6,7,8",8,8,0,max,18,13,0,35,31,0.580645,1.9444
e4_shift1k_h25_s1k,"4,5,6,7,8",8,4,0,0,39,0,0,39,39,1.0,1.0
e4_shift1k_h25_s1k,"4,5,6,7,8",8,4,0,mean,39,0,0,39,39,1.0,1.0
e4_shift1k_h25_s1k,"4,5,6,7,8",8,4,0,min,39,0,0,39,39,1.0,1.0
e4_shift1k_h25_s1k,"4,5,6,7,8",8,4,0,max,39,0,0,39,39,1.0,1.0
e4_shift1k_h25_s1k,"4,5,6,7,8",8,5,0,0,30,0,0,30,30,1.0,1.0
e4_shift1k_h25_s1k,"4,5,6,7,8",8,5,0,mean,30,0,0,30,30,1.0,1.0
e4_shift1k_h25_s1k,"4,5,6,7,8",8,5,0,min,30,0,0,30,30,1.0,1.0
e4_shift1k_h25_s1k,"4,5,6,7,8",8,5,0,max,30,0,0,30,30,1.0,1.0
e4_shift1k_h25_s1k,"4,5,6,7,8",8,6,0,0,39,10,0,58,49,0.795918,1.4872
e4_shift1k_h25_s1k,"4,5,6,7,8",8,6,0,mean,39,10,0,58,49,0.795918,1.4872
e4_shift1k_h25_s1k,"4,5,6,7,8",8,6,0,min,39,10,0,58,49,0.795918,1.4872
e4_shift1k_h25_s1k,"4,5,6,7,8",8,6,0,max,39,10,0,58,49,0.795918,1.4872
e4_shift1k_h25_s1k,"4,5,6,7,8",8,7,0,0,38,13,0,73,51,0.745098,1.9211
e4_shift1k_h25_s1k,"4,5,6,7,8",8,7,0,mean,38,13,0,73,51,0.745098,1.9211
e4_shift1k_h25_s1k,"4,5,6,7,8",8,7,0,min,38,13,0,73,51,0.745098,1.9211
e4_shift1k_h25_s1k,"4,5,6,7,8",8,7,0,max,38,13,0,73,51,0.745098,1.9211
e4_shift1k_h25_s1k,"4,5,6,7,8",8,8,0,0,16,15,0,95,31,0.516129,5.9375
e4_shift1k_h25_s1k,"4,5,6,7,8",8,8,0,mean,16,15,0,95,31,0.516129,5.9375
e4_shift1k_h25_s1k,"4,5,6,7,8",8,8,0,min,16,15,0,95,31,0.516129,5.9375
e4_shift1k_h25_s1k,"4,5,6,7,8",8,8,0,max,16,15,0,95,31,0.516129,5.9375
e4_shift1k_h25_s1k_rope,"4,5,6,7,8",8,4,0,0,39,0,0,39,39,1.0,1.0
e4_shift1k_h25_s1k_rope,"4,5,6,7,8",8,4,0,mean,39,0,0,39,39,1.0,1.0
e4_shift1k_h25_s1k_rope,"4,5,6,7,8",8,4,0,min,39,0,0,39,39,1.0,1.0
e4_shift1k_h25_s1k_rope,"4,5,6,7,8",8,4,0,max,39,0,0,39,39,1.0,1.0
e4_shift1k_h25_s1k_rope,"4,5,6,7,8",8,5,0,0,30,0,0,30,30,1.0,1.0
e4_shift1k_h25_s1k_rope,"4,5,6,7,8",8,5,0,mean,30,0,0,30,30,1.0,1.0
e4_shift1k_h25_s1k_rope,"4,5,6,7,8",8,5,0,min,30,0,0,30,30,1.0,1.0
e4_shift1k_h25_s1k_rope,"4,5,6,7,8",8,5,0,max,30,0,0,30,30,1.0,1.0
e4_shift1k_h25_s1k_rope,"4,5,6,7,8",8,6,0,0,45,4,0,49,49,0.918367,1.0889
e4_shift1k_h25_s1k_rope,"4,5,6,7,8",8,6,0,mean,45,4,0,49,49,0.918367,1.0889
e4_shift1k_h25_s1k_rope,"4,5,6,7,8",8,6,0,min,45,4,0,49,49,0.918367,1.0889
e4_shift1k_h25_s1k_rope,"4,5,6,7,8",8,6,0,max,45,4,0,49,49,0.918367,1.0889
e4_shift1k_h25_s1k_rope,"4,5,6,7,8",8,7,0,0,46,5,0,52,51,0.901961,1.1304
e4_shift1k_h25_s1k_rope,"4,5,6,7,8",8,7,0,mean,46,5,0,52,51,0.901961,1.1304
e4_shift1k_h25_s1k_rope,"4,5,6,7,8",8,7,0,min,46,5,0,52,51,0.901961,1.1304
e4_shift1k_h25_s1k_rope,"4,5,6,7,8",8,7,0,max,46,5,0,52,51,0.901961,1.1304
e4_shift1k_h25_s1k_rope,"4,5,6,7,8",8,8,0,0,21,10,0,41,31,0.677419,1.9524
e4_shift1k_h25_s1k_rope,"4,5,6,7,8",8,8,0,mean,21,10,0,41,31,0.677419,1.9524
e4_shift1k_h25_s1k_rope,"4,5,6,7,8",8,8,0,min,21,10,0,41,31,0.677419,1.9524
e4_shift1k_h25_s1k_rope,"4,5,6,7,8",8,8,0,max,21,10,0,41,31,0.677419,1.9524
e4_shift1k_h25,"4,5,6,7,8",8,4,0,0,39,0,0,39,39,1.0,1.0
e4_shift1k_h25,"4,5,6,7,8",8,4,0,mean,39,0,0,39,39,1.0,1.0
e4_shift1k_h25,"4,5,6,7,8",8,4,0,min,39,0,0,39,39,1.0,1.0
e4_shift1k_h25,"4,5,6,7,8",8,4,0,max,39,0,0,39,39,1.0,1.0
e4_shift1k_h25,"4,5,6,7,8",8,5,0,0,30,0,0,30,30,1.0,1.0
e4_shift1k_h25,"4,5,6,7,8",8,5,0,mean,30,0,0,30,30,1.0,1.0
e4_shift1k_h25,"4,5,6,7,8",8,5,0,min,30,0,0,30,30,1.0,1.0
e4_shift1k_h25,"4,5,6,7,8",8,5,0,max,30,0,0,30,30,1.0,1.0
e4_shift1k_h25,"4,5,6,7,8",8,6,0,0,48,1,0,57,49,0.979592,1.1875
e4_shift1k_h25,"4,5,6,7,8",8,6,0,mean,48,1,0,57,49,0.979592,1.1875
e4_shift1k_h25,"4,5,6,7,8",8,6,0,min,48,1,0,57,49,0.979592,1.1875
e4_shift1k_h25,"4,5,6,7,8",8,6,0,max,48,1,0,57,49,0.979592,1.1875
e4_shift1k_h25,"4,5,6,7,8",8,7,0,0,49,2,0,51,51,0.960784,1.0408
e4_shift1k_h25,"4,5,6,7,8",8,7,0,mean,49,2,0,51,51,0.960784,1.0408
e4_shift1k_h25,"4,5,6,7,8",8,7,0,min,49,2,0,51,51,0.960784,1.0408
e4_shift1k_h25,"4,5,6,7,8",8,7,0,max,49,2,0,51,51,0.960784,1.0408
e4_shift1k_h25,"4,5,6,7,8",8,8,0,0,21,10,0,31,31,0.677419,1.4762
e4_shift1k_h25,"4,5,6,7,8",8,8,0,mean,21,10,0,31,31,0.677419,1.4762
e4_shift1k_h25,"4,5,6,7,8",8,8,0,min,21,10,0,31,31,0.677419,1.4762
e4_shift1k_h25,"4,5,6,7,8",8,8,0,max,21,10,0,31,31,0.677419,1.4762
e4_shift1k_h25_rope,"4,5,6,7,8",8,4,0,0,39,0,0,39,39,1.0,1.0
e4_shift1k_h25_rope,"4,5,6,7,8",8,4,0,mean,39,0,0,39,39,1.0,1.0
e4_shift1k_h25_rope,"4,5,6,7,8",8,4,0,min,39,0,0,39,39,1.0,1.0
e4_shift1k_h25_rope,"4,5,6,7,8",8,4,0,max,39,0,0,39,39,1.0,1.0
e4_shift1k_h25_rope,"4,5,6,7,8",8,5,0,0,30,0,0,30,30,1.0,1.0
e4_shift1k_h25_rope,"4,5,6,7,8",8,5,0,mean,30,0,0,30,30,1.0,1.0
e4_shift1k_h25_rope,"4,5,6,7,8",8,5,0,min,30,0,0,30,30,1.0,1.0
e4_shift1k_h25_rope,"4,5,6,7,8",8,5,0,max,30,0,0,30,30,1.0,1.0
e4_shift1k_h25_rope,"4,5,6,7,8",8,6,0,0,49,0,0,49,49,1.0,1.0
e4_shift1k_h25_rope,"4,5,6,7,8",8,6,0,mean,49,0,0,49,49,1.0,1.0
e4_shift1k_h25_rope,"4,5,6,7,8",8,6,0,min,49,0,0,49,49,1.0,1.0
e4_shift1k_h25_rope,"4,5,6,7,8",8,6,0,max,49,0,0,49,49,1.0,1.0
e4_shift1k_h25_rope,"4,5,6,7,8",8,7,0,0,51,0,0,51,51,1.0,1.0
e4_shift1k_h25_rope,"4,5,6,7,8",8,7,0,mean,51,0,0,51,51,1.0,1.0
e4_shift1k_h25_rope,"4,5,6,7,8",8,7,0,min,51,0,0,51,51,1.0,1.0
e4_shift1k_h25_rope,"4,5,6,7,8",8,7,0,max,51,0,0,51,51,1.0,1.0
e4_shift1k_h25_rope,"4,5,6,7,8",8,8,0,0,31,0,0,31,31,1.0,1.0
e4_shift1k_h25_rope,"4,5,6,7,8",8,8,0,mean,31,0,0,31,31,1.0,1.0
e4_shift1k_h25_rope,"4,5,6,7,8",8,8,0,min,31,0,0,31,31,1.0,1.0
e4_shift1k_h25_rope,"4,5,6,7,8",8,8,0,max,31,0,0,31,31,1.0,1.0
e4_shift1k_h50_s1k,"4,5,6,7,8",8,4,0,0,39,0,0,39,39,1.0,1.0
e4_shift1k_h50_s1k,"4,5,6,7,8",8,4,0,mean,39,0,0,39,39,1.0,1.0
e4_shift1k_h50_s1k,"4,5,6,7,8",8,4,0,min,39,0,0,39,39,1.0,1.0
e4_shift1k_h50_s1k,"4,5,6,7,8",8,4,0,max,39,0,0,39,39,1.0,1.0
e4_shift1k_h50_s1k,"4,5,6,7,8",8,5,0,0,30,0,0,30,30,1.0,1.0
e4_shift1k_h50_s1k,"4,5,6,7,8",8,5,0,mean,30,0,0,30,30,1.0,1.0
e4_shift1k_h50_s1k,"4,5,6,7,8",8,5,0,min,30,0,0,30,30,1.0,1.0
e4_shift1k_h50_s1k,"4,5,6,7,8",8,5,0,max,30,0,0,30,30,1.0,1.0
e4_shift1k_h50_s1k,"4,5,6,7,8",8,6,0,0,39,10,0,61,49,0.795918,1.5641
e4_shift1k_h50_s1k,"4,5,6,7,8",8,6,0,mean,39,10,0,61,49,0.795918,1.5641
e4_shift1k_h50_s1k,"4,5,6,7,8",8,6,0,min,39,10,0,61,49,0.795918,1.5641
e4_shift1k_h50_s1k,"4,5,6,7,8",8,6,0,max,39,10,0,61,49,0.795918,1.5641
e4_shift1k_h50_s1k,"4,5,6,7,8",8,7,0,0,43,8,0,66,51,0.843137,1.5349
e4_shift1k_h50_s1k,"4,5,6,7,8",8,7,0,mean,43,8,0,66,51,0.843137,1.5349
e4_shift1k_h50_s1k,"4,5,6,7,8",8,7,0,min,43,8,0,66,51,0.843137,1.5349
e4_shift1k_h50_s1k,"4,5,6,7,8",8,7,0,max,43,8,0,66,51,0.843137,1.5349
e4_shift1k_h50_s1k,"4,5,6,7,8",8,8,0,0,26,5,0,54,31,0.83871,2.0769
e4_shift1k_h50_s1k,"4,5,6,7,8",8,8,0,mean,26,5,0,54,31,0.83871,2.0769
e4_shift1k_h50_s1k,"4,5,6,7,8",8,8,0,min,26,5,0,54,31,0.83871,2.0769
e4_shift1k_h50_s1k,"4,5,6,7,8",8,8,0,max,26,5,0,54,31,0.83871,2.0769
e4_shift1k_h50_s1k_rope,"4,5,6,7,8",8,4,0,0,39,0,0,39,39,1.0,1.0
e4_shift1k_h50_s1k_rope,"4,5,6,7,8",8,4,0,mean,39,0,0,39,39,1.0,1.0
e4_shift1k_h50_s1k_rope,"4,5,6,7,8",8,4,0,min,39,0,0,39,39,1.0,1.0
e4_shift1k_h50_s1k_rope,"4,5,6,7,8",8,4,0,max,39,0,0,39,39,1.0,1.0
e4_shift1k_h50_s1k_rope,"4,5,6,7,8",8,5,0,0,30,0,0,30,30,1.0,1.0
e4_shift1k_h50_s1k_rope,"4,5,6,7,8",8,5,0,mean,30,0,0,30,30,1.0,1.0
e4_shift1k_h50_s1k_rope,"4,5,6,7,8",8,5,0,min,30,0,0,30,30,1.0,1.0
e4_shift1k_h50_s1k_rope,"4,5,6,7,8",8,5,0,max,30,0,0,30,30,1.0,1.0
e4_shift1k_h50_s1k_rope,"4,5,6,7,8",8,6,0,0,48,1,0,49,49,0.979592,1.0208
e4_shift1k_h50_s1k_rope,"4,5,6,7,8",8,6,0,mean,48,1,0,49,49,0.979592,1.0208
e4_shift1k_h50_s1k_rope,"4,5,6,7,8",8,6,0,min,48,1,0,49,49,0.979592,1.0208
e4_shift1k_h50_s1k_rope,"4,5,6,7,8",8,6,0,max,48,1,0,49,49,0.979592,1.0208
e4_shift1k_h50_s1k_rope,"4,5,6,7,8",8,7,0,0,48,3,0,53,51,0.941176,1.1042
e4_shift1k_h50_s1k_rope,"4,5,6,7,8",8,7,0,mean,48,3,0,53,51,0.941176,1.1042
e4_shift1k_h50_s1k_rope,"4,5,6,7,8",8,7,0,min,48,3,0,53,51,0.941176,1.1042
e4_shift1k_h50_s1k_rope,"4,5,6,7,8",8,7,0,max,48,3,0,53,51,0.941176,1.1042
e4_shift1k_h50_s1k_rope,"4,5,6,7,8",8,8,0,0,25,6,0,37,31,0.806452,1.48
e4_shift1k_h50_s1k_rope,"4,5,6,7,8",8,8,0,mean,25,6,0,37,31,0.806452,1.48
e4_shift1k_h50_s1k_rope,"4,5,6,7,8",8,8,0,min,25,6,0,37,31,0.806452,1.48
e4_shift1k_h50_s1k_rope,"4,5,6,7,8",8,8,0,max,25,6,0,37,31,0.806452,1.48
e4_shift95_1k,"4,5,6,7,8",8,4,0,0,39,0,0,39,39,1.0,1.0
e4_shift95_1k,"4,5,6,7,8",8,4,0,mean,39,0,0,39,39,1.0,1.0
e4_shift95_1k,"4,5,6,7,8",8,4,0,min,39,0,0,39,39,1.0,1.0
e4_shift95_1k,"4,5,6,7,8",8,4,0,max,39,0,0,39,39,1.0,1.0
e4_shift95_1k,"4,5,6,7,8",8,5,0,0,30,0,0,30,30,1.0,1.0
e4_shift95_1k,"4,5,6,7,8",8,5,0,mean,30,0,0,30,30,1.0,1.0
e4_shift95_1k,"4,5,6,7,8",8,5,0,min,30,0,0,30,30,1.0,1.0
e4_shift95_1k,"4,5,6,7,8",8,5,0,max,30,0,0,30,30,1.0,1.0
e4_shift95_1k,"4,5,6,7,8",8,6,0,0,48,1,0,49,49,0.979592,1.0208
e4_shift95_1k,"4,5,6,7,8",8,6,0,mean,48,1,0,49,49,0.979592,1.0208
e4_shift95_1k,"4,5,6,7,8",8,6,0,min,48,1,0,49,49,0.979592,1.0208
e4_shift95_1k,"4,5,6,7,8",8,6,0,max,48,1,0,49,49,0.979592,1.0208
e4_shift95_1k,"4,5,6,7,8",8,7,0,0,42,9,0,51,51,0.823529,1.2143
e4_shift95_1k,"4,5,6,7,8",8,7,0,mean,42,9,0,51,51,0.823529,1.2143
e4_shift95_1k,"4,5,6,7,8",8,7,0,min,42,9,0,51,51,0.823529,1.2143
e4_shift95_1k,"4,5,6,7,8",8,7,0,max,42,9,0,51,51,0.823529,1.2143
e4_shift95_1k,"4,5,6,7,8",8,8,0,0,29,2,0,31,31,0.935484,1.069
e4_shift95_1k,"4,5,6,7,8",8,8,0,mean,29,2,0,31,31,0.935484,1.069
e4_shift95_1k,"4,5,6,7,8",8,8,0,min,29,2,0,31,31,0.935484,1.069
e4_shift95_1k,"4,5,6,7,8",8,8,0,max,29,2,0,31,31,0.935484,1.069
e4_shift1k_h50_rope,"4,5,6,7,8",8,4,0,0,39,0,0,39,39,1.0,1.0
e4_shift1k_h50_rope,"4,5,6,7,8",8,4,0,mean,39,0,0,39,39,1.0,1.0
e4_shift1k_h50_rope,"4,5,6,7,8",8,4,0,min,39,0,0,39,39,1.0,1.0
e4_shift1k_h50_rope,"4,5,6,7,8",8,4,0,max,39,0,0,39,39,1.0,1.0
e4_shift1k_h50_rope,"4,5,6,7,8",8,5,0,0,30,0,0,30,30,1.0,1.0
e4_shift1k_h50_rope,"4,5,6,7,8",8,5,0,mean,30,0,0,30,30,1.0,1.0
e4_shift1k_h50_rope,"4,5,6,7,8",8,5,0,min,30,0,0,30,30,1.0,1.0
e4_shift1k_h50_rope,"4,5,6,7,8",8,5,0,max,30,0,0,30,30,1.0,1.0
e4_shift1k_h50_rope,"4,5,6,7,8",8,6,0,0,49,0,0,49,49,1.0,1.0
e4_shift1k_h50_rope,"4,5,6,7,8",8,6,0,mean,49,0,0,49,49,1.0,1.0
e4_shift1k_h50_rope,"4,5,6,7,8",8,6,0,min,49,0,0,49,49,1.0,1.0
e4_shift1k_h50_rope,"4,5,6,7,8",8,6,0,max,49,0,0,49,49,1.0,1.0
e4_shift1k_h50_rope,"4,5,6,7,8",8,7,0,0,49,2,0,51,51,0.960784,1.0408
e4_shift1k_h50_rope,"4,5,6,7,8",8,7,0,mean,49,2,0,51,51,0.960784,1.0408
e4_shift1k_h50_rope,"4,5,6,7,8",8,7,0,min,49,2,0,51,51,0.960784,1.0408
e4_shift1k_h50_rope,"4,5,6,7,8",8,7,0,max,49,2,0,51,51,0.960784,1.0408
e4_shift1k_h50_rope,"4,5,6,7,8",8,8,0,0,29,2,0,31,31,0.935484,1.069
e4_shift1k_h50_rope,"4,5,6,7,8",8,8,0,mean,29,2,0,31,31,0.935484,1.069
e4_shift1k_h50_rope,"4,5,6,7,8",8,8,0,min,29,2,0,31,31,0.935484,1.069
e4_shift1k_h50_rope,"4,5,6,7,8",8,8,0,max,29,2,0,31,31,0.935484,1.069
e4_shift1k_h12_s8k,"4,5,6,7,8",8,4,0,0,39,0,0,39,39,1.0,1.0
e4_shift1k_h12_s8k,"4,5,6,7,8",8,4,0,mean,39,0,0,39,39,1.0,1.0
e4_shift1k_h12_s8k,"4,5,6,7,8",8,4,0,min,39,0,0,39,39,1.0,1.0
e4_shift1k_h12_s8k,"4,5,6,7,8",8,4,0,max,39,0,0,39,39,1.0,1.0
e4_shift1k_h12_s8k,"4,5,6,7,8",8,5,0,0,30,0,0,30,30,1.0,1.0
e4_shift1k_h12_s8k,"4,5,6,7,8",8,5,0,mean,30,0,0,30,30,1.0,1.0
e4_shift1k_h12_s8k,"4,5,6,7,8",8,5,0,min,30,0,0,30,30,1.0,1.0
e4_shift1k_h12_s8k,"4,5,6,7,8",8,5,0,max,30,0,0,30,30,1.0,1.0
e4_shift1k_h12_s8k,"4,5,6,7,8",8,6,0,0,47,2,0,49,49,0.959184,1.0426
e4_shift1k_h12_s8k,"4,5,6,7,8",8,6,0,mean,47,2,0,49,49,0.959184,1.0426
e4_shift1k_h12_s8k,"4,5,6,7,8",8,6,0,min,47,2,0,49,49,0.959184,1.0426
e4_shift1k_h12_s8k,"4,5,6,7,8",8,6,0,max,47,2,0,49,49,0.959184,1.0426
e4_shift1k_h12_s8k,"4,5,6,7,8",8,7,0,0,45,6,0,51,51,0.882353,1.1333
e4_shift1k_h12_s8k,"4,5,6,7,8",8,7,0,mean,45,6,0,51,51,0.882353,1.1333
e4_shift1k_h12_s8k,"4,5,6,7,8",8,7,0,min,45,6,0,51,51,0.882353,1.1333
e4_shift1k_h12_s8k,"4,5,6,7,8",8,7,0,max,45,6,0,51,51,0.882353,1.1333
e4_shift1k_h12_s8k,"4,5,6,7,8",8,8,0,0,27,4,0,31,31,0.870968,1.1481
e4_shift1k_h12_s8k,"4,5,6,7,8",8,8,0,mean,27,4,0,31,31,0.870968,1.1481
e4_shift1k_h12_s8k,"4,5,6,7,8",8,8,0,min,27,4,0,31,31,0.870968,1.1481
e4_shift1k_h12_s8k,"4,5,6,7,8",8,8,0,max,27,4,0,31,31,0.870968,1.1481
e4_shift1k_h25_s8k,"4,5,6,7,8",8,4,0,0,39,0,0,39,39,1.0,1.0
e4_shift1k_h25_s8k,"4,5,6,7,8",8,4,0,mean,39,0,0,39,39,1.0,1.0
e4_shift1k_h25_s8k,"4,5,6,7,8",8,4,0,min,39,0,0,39,39,1.0,1.0
e4_shift1k_h25_s8k,"4,5,6,7,8",8,4,0,max,39,0,0,39,39,1.0,1.0
e4_shift1k_h25_s8k,"4,5,6,7,8",8,5,0,0,30,0,0,30,30,1.0,1.0
e4_shift1k_h25_s8k,"4,5,6,7,8",8,5,0,mean,30,0,0,30,30,1.0,1.0
e4_shift1k_h25_s8k,"4,5,6,7,8",8,5,0,min,30,0,0,30,30,1.0,1.0
e4_shift1k_h25_s8k,"4,5,6,7,8",8,5,0,max,30,0,0,30,30,1.0,1.0
e4_shift1k_h25_s8k,"4,5,6,7,8",8,6,0,0,49,0,0,49,49,1.0,1.0
e4_shift1k_h25_s8k,"4,5,6,7,8",8,6,0,mean,49,0,0,49,49,1.0,1.0
e4_shift1k_h25_s8k,"4,5,6,7,8",8,6,0,min,49,0,0,49,49,1.0,1.0
e4_shift1k_h25_s8k,"4,5,6,7,8",8,6,0,max,49,0,0,49,49,1.0,1.0
e4_shift1k_h25_s8k,"4,5,6,7,8",8,7,0,0,51,0,0,51,51,1.0,1.0
e4_shift1k_h25_s8k,"4,5,6,7,8",8,7,0,mean,51,0,0,51,51,1.0,1.0
e4_shift1k_h25_s8k,"4,5,6,7,8",8,7,0,min,51,0,0,51,51,1.0,1.0
e4_shift1k_h25_s8k,"4,5,6,7,8",8,7,0,max,51,0,0,51,51,1.0,1.0
e4_shift1k_h25_s8k,"4,5,6,7,8",8,8,0,0,29,2,0,31,31,0.935484,1.069
e4_shift1k_h25_s8k,"4,5,6,7,8",8,8,0,mean,29,2,0,31,31,0.935484,1.069
e4_shift1k_h25_s8k,"4,5,6,7,8",8,8,0,min,29,2,0,31,31,0.935484,1.069
e4_shift1k_h25_s8k,"4,5,6,7,8",8,8,0,max,29,2,0,31,31,0.935484,1.069
e4_shift95_1k_8k,"4,5,6,7,8",8,4,0,0,39,0,0,39,39,1.0,1.0
e4_shift95_1k_8k,"4,5,6,7,8",8,4,0,mean,39,0,0,39,39,1.0,1.0
e4_shift95_1k_8k,"4,5,6,7,8",8,4,0,min,39,0,0,39,39,1.0,1.0
e4_shift95_1k_8k,"4,5,6,7,8",8,4,0,max,39,0,0,39,39,1.0,1.0
e4_shift95_1k_8k,"4,5,6,7,8",8,5,0,0,30,0,0,30,30,1.0,1.0
e4_shift95_1k_8k,"4,5,6,7,8",8,5,0,mean,30,0,0,30,30,1.0,1.0
e4_shift95_1k_8k,"4,5,6,7,8",8,5,0,min,30,0,0,30,30,1.0,1.0
e4_shift95_1k_8k,"4,5,6,7,8",8,5,0,max,30,0,0,30,30,1.0,1.0
e4_shift95_1k_8k,"4,5,6,7,8",8,6,0,0,49,0,0,49,49,1.0,1.0
e4_shift95_1k_8k,"4,5,6,7,8",8,6,0,mean,49,0,0,49,49,1.0,1.0
e4_shift95_1k_8k,"4,5,6,7,8",8,6,0,min,49,0,0,49,49,1.0,1.0
e4_shift95_1k_8k,"4,5,6,7,8",8,6,0,max,49,0,0,49,49,1.0,1.0
e4_shift95_1k_8k,"4,5,6,7,8",8,7,0,0,51,0,0,51,51,1.0,1.0
e4_shift95_1k_8k,"4,5,6,7,8",8,7,0,mean,51,0,0,51,51,1.0,1.0
e4_shift95_1k_8k,"4,5,6,7,8",8,7,0,min,51,0,0,51,51,1.0,1.0
e4_shift95_1k_8k,"4,5,6,7,8",8,7,0,max,51,0,0,51,51,1.0,1.0
e4_shift95_1k_8k,"4,5,6,7,8",8,8,0,0,31,0,0,31,31,1.0,1.0
e4_shift95_1k_8k,"4,5,6,7,8",8,8,0,mean,31,0,0,31,31,1.0,1.0
e4_shift95_1k_8k,"4,5,6,7,8",8,8,0,min,31,0,0,31,31,1.0,1.0
e4_shift95_1k_8k,"4,5,6,7,8",8,8,0,max,31,0,0,31,31,1.0,1.0
e4_leq5_rope,"4,5",5,6,1,0,0,0,61,61000,61,0.0,0.0
e4_leq5_rope,"4,5",5,6,1,1,0,0,61,61000,61,0.0,0.0
e4_leq5_rope,"4,5",5,6,1,2,0,0,61,61000,61,0.0,0.0
e4_leq5_rope,"4,5",5,6,1,mean,0,0,183,183000,183,0.0,0.0
e4_leq5_rope,"4,5",5,6,1,min,0,0,183,183000,183,0.0,0.0
e4_leq5_rope,"4,5",5,6,1,max,0,0,183,183000,183,0.0,0.0
e4_leq5_rope,"4,5",5,7,1,0,0,0,77,77000,77,0.0,0.0
e4_leq5_rope,"4,5",5,7,1,1,0,0,77,77000,77,0.0,0.0
e4_leq5_rope,"4,5",5,7,1,2,0,0,77,77000,77,0.0,0.0
e4_leq5_rope,"4,5",5,7,1,mean,0,0,231,231000,231,0.0,0.0
e4_leq5_rope,"4,5",5,7,1,min,0,0,231,231000,231,0.0,0.0
e4_leq5_rope,"4,5",5,7,1,max,0,0,231,231000,231,0.0,0.0
e4_leq5_rope,"4,5",5,8,1,0,0,0,62,62000,62,0.0,0.0
e4_leq5_rope,"4,5",5,8,1,1,0,0,62,62000,62,0.0,0.0
e4_leq5_rope,"4,5",5,8,1,2,0,0,62,62000,62,0.0,0.0
e4_leq5_rope,"4,5",5,8,1,mean,0,0,186,186000,186,0.0,0.0
e4_leq5_rope,"4,5",5,8,1,min,0,0,186,186000,186,0.0,0.0
e4_leq5_rope,"4,5",5,8,1,max,0,0,186,186000,186,0.0,0.0
