config,seed,study,kind,input,cell_policy,digit_policy,backtrack,n_eval,correct,wrong,timeouts,accuracy,model_calls_total,calls_per_solve,avg_resets,avg_puzzle_calls,seq_forwards_p50,seq_forwards_p90,unsound_rate,conflict_precision,conflict_recall,n_negations,unsound_negation_rate,conflict_depth_mean
base_1k,0,TRAIN,train,,uniform,softmax,root,192,138,0,54,0.71875,10610,76.8840579710145,3555.4895833333335,425.9791666666667,,,0.015023226062090594,0.994603096641407,0.15956054975368394,0,0.0,0.0
base_1k,1,TRAIN,train,,uniform,softmax,root,200,175,0,25,0.875,7726,44.14857142857143,2466.09,298.85,,,0.019331708990737065,0.9946668445058798,0.15863408188095757,0,0.0,0.0
base_1k,mean,TRAIN,train,,uniform,softmax,root,192,156.5,0.0,39.5,0.796875,9168.0,60.516314699792964,3010.789791666667,362.4145833333333,,,0.01717746752641383,0.9946349705736435,0.15909731581732076,0,0.0,0.0
base_1k,range,TRAIN,train,,uniform,softmax,root,192,"[138, 175]","[0, 0]","[25, 54]","[0.71875, 0.875]","[7726, 10610]","[44.1486, 76.8841]","[2466.09, 3555.49]","[298.85, 425.979]",,,"[0.0150232, 0.0193317]","[0.994603, 0.994667]","[0.158634, 0.159561]",0,"[0, 0]","[0, 0]"
train_pstar_1k,0,S2,train,,uniform,argmax,root,200,199,0,1,0.995,1821,9.150753768844222,296.96,65.605,,,0.04704629038453818,0.9992098635368484,0.08453436536905536,0,0.0,0.0
train_pstar_1k,1,S2,train,,uniform,argmax,root,200,198,0,2,0.99,1897,9.580808080808081,328.0,70.615,,,0.04304768481462886,0.9986291572297056,0.08651224751125615,0,0.0,0.0
train_pstar_1k,mean,S2,train,,uniform,argmax,root,200,198.5,0.0,1.5,0.9924999999999999,1859.0,9.36578092482615,312.48,68.11,,,0.04504698759958352,0.998919510383277,0.08552330644015575,0,0.0,0.0
train_pstar_1k,range,S2,train,,uniform,argmax,root,200,"[198, 199]","[0, 0]","[1, 2]","[0.99, 0.995]","[1821, 1897]","[9.15075, 9.58081]","[296.96, 328]","[65.605, 70.615]",,,"[0.0430477, 0.0470463]","[0.998629, 0.99921]","[0.0845344, 0.0865122]",0,"[0, 0]","[0, 0]"
s1_baseline_baseline_pol,0,S1,eval,baseline,uniform,softmax,root,200,198,0,2,0.99,2651,13.38888888888889,809.93,96.925,1780.0,15144.699999999995,0.008830426017055623,0.9986171644463102,0.16212207312440932,0,0.0,0.0
s1_baseline_baseline_pol,1,S1,eval,baseline,uniform,softmax,root,200,199,0,1,0.995,2328,11.698492462311558,736.73,75.245,1050.0,10801.5,0.008128190065054977,0.9962197820096915,0.1998573118811005,0,0.0,0.0
s1_baseline_baseline_pol,mean,S1,eval,baseline,uniform,softmax,root,200,198.5,0.0,1.5,0.9924999999999999,2489.5,12.543690675600224,773.3299999999999,86.08500000000001,1415.0,12973.099999999999,0.0084793080410553,0.9974184732280009,0.18098969250275493,0,0.0,0.0
s1_baseline_baseline_pol,range,S1,eval,baseline,uniform,softmax,root,200,"[198, 199]","[0, 0]","[1, 2]","[0.99, 0.995]","[2328, 2651]","[11.6985, 13.3889]","[736.73, 809.93]","[75.245, 96.925]","[1050, 1780]","[10801.5, 15144.7]","[0.00812819, 0.00883043]","[0.99622, 0.998617]","[0.162122, 0.199857]",0,"[0, 0]","[0, 0]"
s1_baseline_mrv_softmax,0,S1,eval,baseline,mrv,softmax,root,200,200,0,0,1.0,1419,7.095,276.93,53.74,876.0,6953.099999999996,0.013269711351227592,0.997020907810638,0.10278589018377159,0,0.0,0.0
s1_baseline_mrv_softmax,1,S1,eval,baseline,mrv,softmax,root,200,200,0,0,1.0,1166,5.83,265.32,44.38,587.5,6544.5999999999985,0.01119865029104943,0.9960802050354289,0.12584192619857673,0,0.0,0.0
s1_baseline_mrv_softmax,mean,S1,eval,baseline,mrv,softmax,root,200,200.0,0.0,0.0,1.0,1292.5,6.4625,271.125,49.06,731.75,6748.849999999997,0.012234180821138512,0.9965505564230335,0.11431390819117415,0,0.0,0.0
s1_baseline_mrv_softmax,range,S1,eval,baseline,mrv,softmax,root,200,"[200, 200]","[0, 0]","[0, 0]","[1, 1]","[1166, 1419]","[5.83, 7.095]","[265.32, 276.93]","[44.38, 53.74]","[587.5, 876]","[6544.6, 6953.1]","[0.0111987, 0.0132697]","[0.99608, 0.997021]","[0.102786, 0.125842]",0,"[0, 0]","[0, 0]"
s1_baseline_mrv_argmax,0,S1,eval,baseline,mrv,argmax,root,200,192,0,8,0.96,2905,15.130208333333334,355.45,95.84,642.5,11098.999999999993,0.029593750815802084,0.996849064566043,0.0672243876942166,0,0.0,0.0
s1_baseline_mrv_argmax,1,S1,eval,baseline,mrv,argmax,root,200,194,0,6,0.97,2576,13.278350515463918,385.245,89.38,606.0,13385.399999999992,0.02496690641285211,0.9985463795766331,0.08099825237403407,0,0.0,0.0
s1_baseline_mrv_argmax,mean,S1,eval,baseline,mrv,argmax,root,200,193.0,0.0,7.0,0.965,2740.5,14.204279424398626,370.34749999999997,92.61,624.25,12242.199999999993,0.027280328614327096,0.9976977220713381,0.07411132003412534,0,0.0,0.0
s1_baseline_mrv_argmax,range,S1,eval,baseline,mrv,argmax,root,200,"[192, 194]","[0, 0]","[6, 8]","[0.96, 0.97]","[2576, 2905]","[13.2784, 15.1302]","[355.45, 385.245]","[89.38, 95.84]","[606, 642.5]","[11099, 13385.4]","[0.0249669, 0.0295938]","[0.996849, 0.998546]","[0.0672244, 0.0809983]",0,"[0, 0]","[0, 0]"
s1_baseline_mrv_rankk,0,S1,eval,baseline,mrv,rank_k,root,132,78,0,54,0.5909090909090909,9764,125.17948717948718,7673.818181818182,556.9318181818181,42688.0,64000.0,0.0019286589427726737,0.9995172487324077,0.3002536477620545,0,0.0,0.0
s1_baseline_mrv_rankk,1,S1,eval,baseline,mrv,rank_k,root,124,69,0,55,0.5564516129032258,8729,126.5072463768116,7459.943548387097,530.8467741935484,31844.0,64000.0,0.0018373540158131427,0.9992940792382542,0.31237201053788355,0,0.0,0.0
s1_baseline_mrv_rankk,mean,S1,eval,baseline,mrv,rank_k,root,132,73.5,0.0,54.5,0.5736803519061584,9246.5,125.84336677814939,7566.880865102639,543.8892961876833,37266.0,64000.0,0.0018830064792929083,0.9994056639853309,0.30631282914996905,0,0.0,0.0
s1_baseline_mrv_rankk,range,S1,eval,baseline,mrv,rank_k,root,132,"[69, 78]","[0, 0]","[54, 55]","[0.556452, 0.590909]","[8729, 9764]","[125.179, 126.507]","[7459.94, 7673.82]","[530.847, 556.932]","[31844, 42688]","[64000, 64000]","[0.00183735, 0.00192866]","[0.999294, 0.999517]","[0.300254, 0.312372]",0,"[0, 0]","[0, 0]"
s1_baseline_minent_softmax,0,S1,eval,baseline,min_entropy,softmax,root,200,200,0,0,1.0,2119,10.595,312.715,71.93,1063.5,10215.899999999998,0.012329162319280529,0.9952832451273523,0.09152542871300084,0,0.0,0.0
s1_baseline_minent_softmax,1,S1,eval,baseline,min_entropy,softmax,root,200,199,0,1,0.995,2332,11.71859296482412,328.1,72.77,1184.0,8459.9,0.01365230463438464,0.9964797317890887,0.09836215999927796,0,0.0,0.0
s1_baseline_minent_softmax,mean,S1,eval,baseline,min_entropy,softmax,root,200,199.5,0.0,0.5,0.9975,2225.5,11.15679648241206,320.4075,72.35,1123.75,9337.899999999998,0.012990733476832585,0.9958814884582206,0.0949437943561394,0,0.0,0.0
s1_baseline_minent_softmax,range,S1,eval,baseline,min_entropy,softmax,root,200,"[199, 200]","[0, 0]","[0, 1]","[0.995, 1]","[2119, 2332]","[10.595, 11.7186]","[312.715, 328.1]","[71.93, 72.77]","[1063.5, 1184]","[8459.9, 10215.9]","[0.0123292, 0.0136523]","[0.995283, 0.99648]","[0.0915254, 0.0983622]",0,"[0, 0]","[0, 0]"
s1_baseline_minent_argmax,0,S1,eval,baseline,min_entropy,argmax,root,200,167,0,33,0.835,6987,41.83832335329341,598.285,262.775,1134.5,64000.0,0.03428480273473769,0.997818765304161,0.040545267217204264,0,0.0,0.0
s1_baseline_minent_argmax,1,S1,eval,baseline,min_entropy,argmax,root,200,148,0,52,0.74,8503,57.4527027027027,769.595,324.495,1440.0,64000.0,0.035776070554544084,0.9991878845366718,0.04383400003705229,0,0.0,0.0
s1_baseline_minent_argmax,mean,S1,eval,baseline,min_entropy,argmax,root,200,157.5,0.0,42.5,0.7875,7745.0,49.64551302799806,683.94,293.635,1287.25,64000.0,0.03503043664464089,0.9985033249204165,0.04218963362712828,0,0.0,0.0
s1_baseline_minent_argmax,range,S1,eval,baseline,min_entropy,argmax,root,200,"[148, 167]","[0, 0]","[33, 52]","[0.74, 0.835]","[6987, 8503]","[41.8383, 57.4527]","[598.285, 769.595]","[262.775, 324.495]","[1134.5, 1440]","[64000, 64000]","[0.0342848, 0.0357761]","[0.997819, 0.999188]","[0.0405453, 0.043834]",0,"[0, 0]","[0, 0]"
s1_baseline_minent_rankk,0,S1,eval,baseline,min_entropy,rank_k,root,105,49,0,56,0.4666666666666667,8239,168.14285714285714,9323.533333333333,590.9333333333333,64000.0,64000.0,0.0011280212256650128,0.9997762957227538,0.33486117530814863,0,0.0,0.0
s1_baseline_minent_rankk,1,S1,eval,baseline,min_entropy,rank_k,root,103,48,0,55,0.46601941747572817,8060,167.91666666666666,9407.47572815534,595.6990291262136,64000.0,64000.0,0.0008748741518907474,0.9989638482099549,0.33921478131267413,0,0.0,0.0
s1_baseline_minent_rankk,mean,S1,eval,baseline,min_entropy,rank_k,root,105,48.5,0.0,55.5,0.4663430420711974,8149.5,168.0297619047619,9365.504530744336,593.3161812297735,64000.0,64000.0,0.0010014476887778801,0.9993700719663543,0.3370379783104114,0,0.0,0.0
s1_baseline_minent_rankk,range,S1,eval,baseline,min_entropy,rank_k,root,105,"[48, 49]","[0, 0]","[55, 56]","[0.466019, 0.466667]","[8060, 8239]","[167.917, 168.143]","[9323.53, 9407.48]","[590.933, 595.699]","[64000, 64000]","[64000, 64000]","[0.000874874, 0.00112802]","[0.998964, 0.999776]","[0.334861, 0.339215]",0,"[0, 0]","[0, 0]"
s1_baseline_maxent_softmax,0,S1,eval,baseline,max_entropy,softmax,root,200,184,0,16,0.92,5969,32.44021739130435,2574.28,228.815,6564.0,52018.799999999996,0.005733939050877606,0.9982499961154186,0.22115179398207913,0,0.0,0.0
s1_baseline_maxent_softmax,1,S1,eval,baseline,max_entropy,softmax,root,200,179,0,21,0.895,6414,35.832402234636874,3131.235,233.925,5284.5,64000.0,0.004054440730268815,0.994815144823049,0.2772106997100634,0,0.0,0.0
s1_baseline_maxent_softmax,mean,S1,eval,baseline,max_entropy,softmax,root,200,181.5,0.0,18.5,0.9075,6191.5,34.13630981297061,2852.7575,231.37,5924.25,58009.399999999994,0.004894189890573211,0.9965325704692338,0.24918124684607126,0,0.0,0.0
s1_baseline_maxent_softmax,range,S1,eval,baseline,max_entropy,softmax,root,200,"[179, 184]","[0, 0]","[16, 21]","[0.895, 0.92]","[5969, 6414]","[32.4402, 35.8324]","[2574.28, 3131.24]","[228.815, 233.925]","[5284.5, 6564]","[52018.8, 64000]","[0.00405444, 0.00573394]","[0.994815, 0.99825]","[0.221152, 0.277211]",0,"[0, 0]","[0, 0]"
s1_baseline_uniform_argmax,0,S1,eval,baseline,uniform,argmax,root,200,200,0,0,1.0,1057,5.285,167.755,31.25,418.5,3680.399999999999,0.018429751307247513,0.9954099728771124,0.10319277462094878,0,0.0,0.0
s1_baseline_uniform_argmax,1,S1,eval,baseline,uniform,argmax,root,200,200,0,0,1.0,787,3.935,162.84,26.83,371.0,3463.0999999999985,0.01646658427014242,0.9958548268238762,0.12195011900598977,0,0.0,0.0
s1_baseline_uniform_argmax,mean,S1,eval,baseline,uniform,argmax,root,200,200.0,0.0,0.0,1.0,922.0,4.61,165.2975,29.04,394.75,3571.749999999999,0.017448167788694968,0.9956323998504943,0.11257144681346928,0,0.0,0.0
s1_baseline_uniform_argmax,range,S1,eval,baseline,uniform,argmax,root,200,"[200, 200]","[0, 0]","[0, 0]","[1, 1]","[787, 1057]","[3.935, 5.285]","[162.84, 167.755]","[26.83, 31.25]","[371, 418.5]","[3463.1, 3680.4]","[0.0164666, 0.0184298]","[0.99541, 0.995855]","[0.103193, 0.12195]",0,"[0, 0]","[0, 0]"
s1_baseline_uniform_rankk,0,S1,eval,baseline,uniform,rank_k,root,156,102,0,54,0.6538461538461539,10337,101.34313725490196,7946.74358974359,501.72435897435895,30353.0,64000.0,0.0018238637153709292,0.9979099647331756,0.3381259294629047,0,0.0,0.0
s1_baseline_uniform_rankk,1,S1,eval,baseline,uniform,rank_k,root,200,153,0,47,0.765,10528,68.81045751633987,7026.005,398.405,15317.0,64000.0,0.001483316597446549,0.9955152323404267,0.39757792478896864,0,0.0,0.0
s1_baseline_uniform_rankk,mean,S1,eval,baseline,uniform,rank_k,root,156,127.5,0.0,50.5,0.7094230769230769,10432.5,85.07679738562092,7486.374294871795,450.06467948717943,22835.0,64000.0,0.0016535901564087392,0.9967125985368012,0.3678519271259367,0,0.0,0.0
s1_baseline_uniform_rankk,range,S1,eval,baseline,uniform,rank_k,root,156,"[102, 153]","[0, 0]","[47, 54]","[0.653846, 0.765]","[10337, 10528]","[68.8105, 101.343]","[7026.01, 7946.74]","[398.405, 501.724]","[15317, 30353]","[64000, 64000]","[0.00148332, 0.00182386]","[0.995515, 0.99791]","[0.338126, 0.397578]",0,"[0, 0]","[0, 0]"
s1_base_1k_baseline_pol,0,S1,eval,base_1k,uniform,softmax,root,200,160,0,40,0.8,10697,66.85625,3375.61,403.87,14338.0,64000.0,0.015016344962208864,0.9947091044285329,0.1596589947296246,0,0.0,0.0
s1_base_1k_baseline_pol,1,S1,eval,base_1k,uniform,softmax,root,200,173,0,27,0.865,8452,48.85549132947977,2670.115,320.45,9775.0,64000.0,0.019223618115306564,0.9947249463038109,0.1590833405207525,0,0.0,0.0
s1_base_1k_baseline_pol,mean,S1,eval,base_1k,uniform,softmax,root,200,166.5,0.0,33.5,0.8325,9574.5,57.85587066473988,3022.8625,362.15999999999997,12056.5,64000.0,0.017119981538757715,0.9947170253661719,0.15937116762518855,0,0.0,0.0
s1_base_1k_baseline_pol,range,S1,eval,base_1k,uniform,softmax,root,200,"[160, 173]","[0, 0]","[27, 40]","[0.8, 0.865]","[8452, 10697]","[48.8555, 66.8563]","[2670.11, 3375.61]","[320.45, 403.87]","[9775, 14338]","[64000, 64000]","[0.0150163, 0.0192236]","[0.994709, 0.994725]","[0.159083, 0.159659]",0,"[0, 0]","[0, 0]"
s1_base_1k_mrv_softmax,0,S1,eval,base_1k,mrv,softmax,root,200,189,1,10,0.945,4711,24.925925925925927,1036.55,183.02,3118.5,40137.89999999999,0.02207311875319758,0.9949833582557522,0.10863422754991818,0,0.0,0.0
s1_base_1k_mrv_softmax,1,S1,eval,base_1k,mrv,softmax,root,200,198,0,2,0.99,3609,18.227272727272727,643.83,120.41,1996.0,18609.6,0.029464800122978613,0.9948511252970504,0.1035044442846443,0,0.0,0.0
s1_base_1k_mrv_softmax,mean,S1,eval,base_1k,mrv,softmax,root,200,193.5,0.5,6.0,0.9675,4160.0,21.57659932659933,840.19,151.715,2557.25,29373.749999999993,0.025768959438088095,0.9949172417764014,0.10606933591728124,0,0.0,0.0
s1_base_1k_mrv_softmax,range,S1,eval,base_1k,mrv,softmax,root,200,"[189, 198]","[0, 1]","[2, 10]","[0.945, 0.99]","[3609, 4711]","[18.2273, 24.9259]","[643.83, 1036.55]","[120.41, 183.02]","[1996, 3118.5]","[18609.6, 40137.9]","[0.0220731, 0.0294648]","[0.994851, 0.994983]","[0.103504, 0.108634]",0,"[0, 0]","[0, 0]"
s1_base_1k_mrv_argmax,0,S1,eval,base_1k,mrv,argmax,root,200,193,0,7,0.965,4017,20.813471502590673,528.325,142.905,1498.0,28705.299999999992,0.045346423521885,0.9975677849808356,0.066745649356118,0,0.0,0.0
s1_base_1k_mrv_argmax,1,S1,eval,base_1k,mrv,argmax,root,200,186,0,14,0.93,4602,24.741935483870968,646.67,165.75,1238.5,35919.29999999996,0.05027725756131459,0.998221658651244,0.07124634190893443,0,0.0,0.0
s1_base_1k_mrv_argmax,mean,S1,eval,base_1k,mrv,argmax,root,200,189.5,0.0,10.5,0.9475,4309.5,22.77770349323082,587.4975,154.3275,1368.25,32312.299999999974,0.047811840541599794,0.9978947218160399,0.06899599563252622,0,0.0,0.0
s1_base_1k_mrv_argmax,range,S1,eval,base_1k,mrv,argmax,root,200,"[186, 193]","[0, 0]","[7, 14]","[0.93, 0.965]","[4017, 4602]","[20.8135, 24.7419]","[528.325, 646.67]","[142.905, 165.75]","[1238.5, 1498]","[28705.3, 35919.3]","[0.0453464, 0.0502773]","[0.997568, 0.998222]","[0.0667456, 0.0712463]",0,"[0, 0]","[0, 0]"
s1_base_1k_mrv_rankk,0,S1,eval,base_1k,mrv,rank_k,root,105,48,0,57,0.45714285714285713,8884,185.08333333333334,7985.438095238095,626.6857142857143,64000.0,64000.0,0.002944703777321497,0.9946533630859028,0.26944907533051604,0,0.0,0.0
s1_base_1k_mrv_rankk,1,S1,eval,base_1k,mrv,rank_k,root,101,45,0,56,0.44554455445544555,8283,184.06666666666666,7541.435643564357,627.9009900990098,64000.0,64000.0,0.004242463443108713,0.9944793451361127,0.24977840855131953,0,0.0,0.0
s1_base_1k_mrv_rankk,mean,S1,eval,base_1k,mrv,rank_k,root,105,46.5,0.0,56.5,0.45134370579915134,8583.5,184.575,7763.436869401226,627.2933521923621,64000.0,64000.0,0.003593583610215105,0.9945663541110077,0.2596137419409178,0,0.0,0.0
s1_base_1k_mrv_rankk,range,S1,eval,base_1k,mrv,rank_k,root,105,"[45, 48]","[0, 0]","[56, 57]","[0.445545, 0.457143]","[8283, 8884]","[184.067, 185.083]","[7541.44, 7985.44]","[626.686, 627.901]","[64000, 64000]","[64000, 64000]","[0.0029447, 0.00424246]","[0.994479, 0.994653]","[0.249778, 0.269449]",0,"[0, 0]","[0, 0]"
s1_base_1k_minent_softmax,0,S1,eval,base_1k,min_entropy,softmax,root,200,190,0,10,0.95,5150,27.105263157894736,883.74,193.425,4000.0,37260.299999999996,0.020376941033840554,0.996373367732591,0.09172148817277329,0,0.0,0.0
s1_base_1k_minent_softmax,1,S1,eval,base_1k,min_entropy,softmax,root,200,194,0,6,0.97,4039,20.81958762886598,578.8,138.495,2353.0,20009.59999999999,0.02513463564373468,0.9963718037318591,0.08380269819403514,0,0.0,0.0
s1_base_1k_minent_softmax,mean,S1,eval,base_1k,min_entropy,softmax,root,200,192.0,0.0,8.0,0.96,4594.5,23.962425393380357,731.27,165.96,3176.5,28634.949999999993,0.022755788338787615,0.996372585732225,0.08776209318340422,0,0.0,0.0
s1_base_1k_minent_softmax,range,S1,eval,base_1k,min_entropy,softmax,root,200,"[190, 194]","[0, 0]","[6, 10]","[0.95, 0.97]","[4039, 5150]","[20.8196, 27.1053]","[578.8, 883.74]","[138.495, 193.425]","[2353, 4000]","[20009.6, 37260.3]","[0.0203769, 0.0251346]","[0.996372, 0.996373]","[0.0838027, 0.0917215]",0,"[0, 0]","[0, 0]"
s1_base_1k_minent_argmax,0,S1,eval,base_1k,min_entropy,argmax,root,200,157,0,43,0.785,7830,49.87261146496815,728.58,298.485,2090.0,64000.0,0.04768584508332183,0.9982019819374675,0.04485516605052258,0,0.0,0.0
s1_base_1k_minent_argmax,1,S1,eval,base_1k,min_entropy,argmax,root,200,152,0,48,0.76,8655,56.94078947368421,795.425,329.125,2166.0,64000.0,0.05274467742158265,0.9988685294025207,0.04456583195536041,0,0.0,0.0
s1_base_1k_minent_argmax,mean,S1,eval,base_1k,min_entropy,argmax,root,200,154.5,0.0,45.5,0.7725,8242.5,53.40670046932618,762.0025,313.805,2128.0,64000.0,0.05021526125245224,0.998535255669994,0.044710499002941495,0,0.0,0.0
s1_base_1k_minent_argmax,range,S1,eval,base_1k,min_entropy,argmax,root,200,"[152, 157]","[0, 0]","[43, 48]","[0.76, 0.785]","[7830, 8655]","[49.8726, 56.9408]","[728.58, 795.425]","[298.485, 329.125]","[2090, 2166]","[64000, 64000]","[0.0476858, 0.0527447]","[0.998202, 0.998869]","[0.0445658, 0.0448552]",0,"[0, 0]","[0, 0]"
s1_base_1k_minent_rankk,0,S1,eval,base_1k,min_entropy,rank_k,root,97,41,0,56,0.422680412371134,8233,200.8048780487805,8814.309278350516,627.6701030927835,64000.0,64000.0,0.001673119310024985,0.9943507979059355,0.29175639368262324,0,0.0,0.0
s1_base_1k_minent_rankk,1,S1,eval,base_1k,min_entropy,rank_k,root,93,36,0,57,0.3870967741935484,8047,223.52777777777777,8527.344086021505,663.0752688172043,64000.0,64000.0,0.002095661293355016,0.9955550960036215,0.2587817442901331,0,0.0,0.0
s1_base_1k_minent_rankk,mean,S1,eval,base_1k,min_entropy,rank_k,root,97,38.5,0.0,56.5,0.40488859328234117,8140.0,212.16632791327913,8670.82668218601,645.3726859549939,64000.0,64000.0,0.0018843903016900006,0.9949529469547784,0.27526906898637815,0,0.0,0.0
s1_base_1k_minent_rankk,range,S1,eval,base_1k,min_entropy,rank_k,root,97,"[36, 41]","[0, 0]","[56, 57]","[0.387097, 0.42268]","[8047, 8233]","[200.805, 223.528]","[8527.34, 8814.31]","[627.67, 663.075]","[64000, 64000]","[64000, 64000]","[0.00167312, 0.00209566]","[0.994351, 0.995555]","[0.258782, 0.291756]",0,"[0, 0]","[0, 0]"
s1_base_1k_maxent_softmax,0,S1,eval,base_1k,max_entropy,softmax,root,96,40,1,55,0.4166666666666667,8133,203.325,7216.895833333333,645.6666666666666,64000.0,64000.0,0.008267232529800038,0.9923227033783569,0.21767259461751054,0,0.0,0.0
s1_base_1k_maxent_softmax,1,S1,eval,base_1k,max_entropy,softmax,root,107,52,0,55,0.48598130841121495,8580,165.0,6690.252336448598,599.7476635514018,64000.0,64000.0,0.010434580732788523,0.992290359666805,0.2180746356816471,0,0.0,0.0
s1_base_1k_maxent_softmax,mean,S1,eval,base_1k,max_entropy,softmax,root,96,46.0,0.5,55.0,0.4513239875389408,8356.5,184.1625,6953.574084890965,622.7071651090342,64000.0,64000.0,0.00935090663129428,0.992306531522581,0.21787361514957881,0,0.0,0.0
s1_base_1k_maxent_softmax,range,S1,eval,base_1k,max_entropy,softmax,root,96,"[40, 52]","[0, 1]","[55, 55]","[0.416667, 0.485981]","[8133, 8580]","[165, 203.325]","[6690.25, 7216.9]","[599.748, 645.667]","[64000, 64000]","[64000, 64000]","[0.00826723, 0.0104346]","[0.99229, 0.992323]","[0.217673, 0.218075]",0,"[0, 0]","[0, 0]"
s1_base_1k_uniform_argmax,0,S1,eval,base_1k,uniform,argmax,root,200,200,0,0,1.0,1881,9.405,359.98,69.97,1458.5,10001.0,0.03855084285308387,0.9959164398022112,0.0953917872223804,0,0.0,0.0
s1_base_1k_uniform_argmax,1,S1,eval,base_1k,uniform,argmax,root,200,199,0,1,0.995,1844,9.266331658291458,330.15,64.03,1119.0,9132.699999999997,0.04377907002074463,0.996304709980312,0.09592592592592593,0,0.0,0.0
s1_base_1k_uniform_argmax,mean,S1,eval,base_1k,uniform,argmax,root,200,199.5,0.0,0.5,0.9975,1862.5,9.335665829145729,345.065,67.0,1288.75,9566.849999999999,0.04116495643691425,0.9961105748912615,0.09565885657415316,0,0.0,0.0
s1_base_1k_uniform_argmax,range,S1,eval,base_1k,uniform,argmax,root,200,"[199, 200]","[0, 0]","[0, 1]","[0.995, 1]","[1844, 1881]","[9.26633, 9.405]","[330.15, 359.98]","[64.03, 69.97]","[1119, 1458.5]","[9132.7, 10001]","[0.0385508, 0.0437791]","[0.995916, 0.996305]","[0.0953918, 0.0959259]",0,"[0, 0]","[0, 0]"
s1_base_1k_uniform_rankk,0,S1,eval,base_1k,uniform,rank_k,root,106,49,0,57,0.46226415094339623,8759,178.75510204081633,10203.32075471698,629.3867924528302,64000.0,64000.0,0.0018587272640075907,0.9918422785034838,0.34729624860908814,0,0.0,0.0
s1_base_1k_uniform_rankk,1,S1,eval,base_1k,uniform,rank_k,root,106,49,0,57,0.46226415094339623,8853,180.6734693877551,10228.650943396226,632.2358490566038,64000.0,64000.0,0.002365390603379664,0.9915839433629363,0.3470736507182223,0,0.0,0.0
s1_base_1k_uniform_rankk,mean,S1,eval,base_1k,uniform,rank_k,root,106,49.0,0.0,57.0,0.46226415094339623,8806.0,179.71428571428572,10215.985849056604,630.8113207547169,64000.0,64000.0,0.0021120589336936276,0.99171311093321,0.3471849496636552,0,0.0,0.0
s1_base_1k_uniform_rankk,range,S1,eval,base_1k,uniform,rank_k,root,106,"[49, 49]","[0, 0]","[57, 57]","[0.462264, 0.462264]","[8759, 8853]","[178.755, 180.673]","[10203.3, 10228.7]","[629.387, 632.236]","[64000, 64000]","[64000, 64000]","[0.00185873, 0.00236539]","[0.991584, 0.991842]","[0.347074, 0.347296]",0,"[0, 0]","[0, 0]"
s2_trainP0_evalP0,0,S2,eval,base_1k,uniform,softmax,root,200,152,0,48,0.76,10706,70.4342105263158,3392.92,405.88,13157.0,64000.0,0.015081006724268287,0.9945828372021739,0.1599287971027852,0,0.0,0.0
s2_trainP0_evalP0,1,S2,eval,base_1k,uniform,softmax,root,200,169,1,30,0.845,8065,47.72189349112426,2503.08,300.545,6878.0,64000.0,0.01953136207045865,0.9946965338702718,0.15872799827361814,0,0.0,0.0
s2_trainP0_evalP0,mean,S2,eval,base_1k,uniform,softmax,root,200,160.5,0.5,39.0,0.8025,9385.5,59.07805200872003,2948.0,353.2125,10017.5,64000.0,0.017306184397363467,0.9946396855362228,0.15932839768820167,0,0.0,0.0
s2_trainP0_evalP0,range,S2,eval,base_1k,uniform,softmax,root,200,"[152, 169]","[0, 1]","[30, 48]","[0.76, 0.845]","[8065, 10706]","[47.7219, 70.4342]","[2503.08, 3392.92]","[300.545, 405.88]","[6878, 13157]","[64000, 64000]","[0.015081, 0.0195314]","[0.994583, 0.994697]","[0.158728, 0.159929]",0,"[0, 0]","[0, 0]"
s2_trainP0_evalPstar,0,S2,eval,base_1k,uniform,argmax,root,200,197,2,1,0.985,2379,12.076142131979696,448.61,88.065,1443.0,16296.9,0.03930208827549033,0.9959653150843717,0.09408187523623121,0,0.0,0.0
s2_trainP0_evalPstar,1,S2,eval,base_1k,uniform,argmax,root,200,198,0,2,0.99,1915,9.671717171717171,338.58,66.58,948.0,8964.499999999998,0.045502250281126776,0.9965739263984879,0.09411521876168003,0,0.0,0.0
s2_trainP0_evalPstar,mean,S2,eval,base_1k,uniform,argmax,root,200,197.5,1.0,1.5,0.9875,2147.0,10.873929651848433,393.595,77.32249999999999,1195.5,12630.699999999999,0.04240216927830855,0.9962696207414298,0.09409854699895562,0,0.0,0.0
s2_trainP0_evalPstar,range,S2,eval,base_1k,uniform,argmax,root,200,"[197, 198]","[0, 2]","[1, 2]","[0.985, 0.99]","[1915, 2379]","[9.67172, 12.0761]","[338.58, 448.61]","[66.58, 88.065]","[948, 1443]","[8964.5, 16296.9]","[0.0393021, 0.0455023]","[0.995965, 0.996574]","[0.0940819, 0.0941152]",0,"[0, 0]","[0, 0]"
s2_trainPstar_evalP0,0,S2,eval,train_pstar_1k,uniform,softmax,root,200,177,2,21,0.885,7025,39.68926553672316,1703.33,267.39,6403.0,64000.0,0.02792523823672819,0.9994980420705324,0.11708040842922549,0,0.0,0.0
s2_trainPstar_evalP0,1,S2,eval,train_pstar_1k,uniform,softmax,root,200,178,0,22,0.89,7794,43.78651685393258,1945.865,290.295,7055.0,64000.0,0.020947078573667864,0.9989978749810495,0.12355520216205634,0,0.0,0.0
s2_trainPstar_evalP0,mean,S2,eval,train_pstar_1k,uniform,softmax,root,200,177.5,1.0,21.5,0.8875,7409.5,41.737891195327876,1824.5974999999999,278.8425,6729.0,64000.0,0.024436158405198027,0.999247958525791,0.12031780529564091,0,0.0,0.0
s2_trainPstar_evalP0,range,S2,eval,train_pstar_1k,uniform,softmax,root,200,"[177, 178]","[0, 2]","[21, 22]","[0.885, 0.89]","[7025, 7794]","[39.6893, 43.7865]","[1703.33, 1945.87]","[267.39, 290.295]","[6403, 7055]","[64000, 64000]","[0.0209471, 0.0279252]","[0.998998, 0.999498]","[0.11708, 0.123555]",0,"[0, 0]","[0, 0]"
s2_trainPstar_evalPstar,0,S2,eval,train_pstar_1k,uniform,argmax,root,200,200,0,0,1.0,2552,12.76,461.73,96.43,1367.5,16910.199999999997,0.04822815420679897,0.9991336928508002,0.08745990338896936,0,0.0,0.0
s2_trainPstar_evalPstar,1,S2,eval,train_pstar_1k,uniform,argmax,root,200,199,0,1,0.995,1796,9.025125628140703,308.435,63.225,825.0,7603.899999999999,0.040473316814731757,0.9976818454455558,0.09050188962251665,0,0.0,0.0
s2_trainPstar_evalPstar,mean,S2,eval,train_pstar_1k,uniform,argmax,root,200,199.5,0.0,0.5,0.9975,2174.0,10.892562814070352,385.0825,79.8275,1096.25,12257.049999999997,0.04435073551076536,0.9984077691481781,0.088980896505743,0,0.0,0.0
s2_trainPstar_evalPstar,range,S2,eval,train_pstar_1k,uniform,argmax,root,200,"[199, 200]","[0, 0]","[0, 1]","[0.995, 1]","[1796, 2552]","[9.02513, 12.76]","[308.435, 461.73]","[63.225, 96.43]","[825, 1367.5]","[7603.9, 16910.2]","[0.0404733, 0.0482282]","[0.997682, 0.999134]","[0.0874599, 0.0905019]",0,"[0, 0]","[0, 0]"
s3_baseline_root,0,S3,eval,baseline,uniform,softmax,root,200,199,0,1,0.995,2126,10.683417085427136,681.815,81.565,1716.0,11195.399999999998,0.008679285685419784,0.9980346574950683,0.16326880719416864,0,0.0,0.0
s3_baseline_root,1,S3,eval,baseline,uniform,softmax,root,200,199,0,1,0.995,2073,10.417085427135678,694.29,71.65,945.0,11137.8,0.0079372327178351,0.9965936424260755,0.19755879938613083,0,0.0,0.0
s3_baseline_root,mean,S3,eval,baseline,uniform,softmax,root,200,199.0,0.0,1.0,0.995,2099.5,10.550251256281406,688.0525,76.6075,1330.5,11166.599999999999,0.008308259201627442,0.9973141499605719,0.18041380329014972,0,0.0,0.0
s3_baseline_root,range,S3,eval,baseline,uniform,softmax,root,200,"[199, 199]","[0, 0]","[1, 1]","[0.995, 0.995]","[2073, 2126]","[10.4171, 10.6834]","[681.815, 694.29]","[71.65, 81.565]","[945, 1716]","[11137.8, 11195.4]","[0.00793723, 0.00867929]","[0.996594, 0.998035]","[0.163269, 0.197559]",0,"[0, 0]","[0, 0]"
s3_baseline_last,0,S3,eval,baseline,uniform,softmax,last,179,122,4,53,0.6815642458100558,10313,84.5327868852459,13471.424581005587,441.49162011173183,940.0,64000.0,0.18160639895344965,0.9999046191296703,0.49346886516006316,0,0.0,9.711704269538046
s3_baseline_last,1,S3,eval,baseline,uniform,softmax,last,200,166,0,34,0.83,8843,53.2710843373494,10115.24,331.065,545.0,64000.0,0.16490084436349298,0.9998932304127238,0.49244833610211447,0,0.0,8.767934819144182
s3_baseline_last,mean,S3,eval,baseline,uniform,softmax,last,179,144.0,2.0,43.5,0.7557821229050279,9578.0,68.90193561129765,11793.332290502793,386.2783100558659,742.5,64000.0,0.1732536216584713,0.9998989247711971,0.4929586006310888,0,0.0,9.239819544341113
s3_baseline_last,range,S3,eval,baseline,uniform,softmax,last,179,"[122, 166]","[0, 4]","[34, 53]","[0.681564, 0.83]","[8843, 10313]","[53.2711, 84.5328]","[10115.2, 13471.4]","[331.065, 441.492]","[545, 940]","[64000, 64000]","[0.164901, 0.181606]","[0.999893, 0.999905]","[0.492448, 0.493469]",0,"[0, 0]","[8.76793, 9.7117]"
s3_baseline_geom05,0,S3,eval,baseline,uniform,softmax,geometric,200,199,0,1,0.995,5740,28.844221105527637,4463.785,221.215,1889.5,8889.1,0.14622069076755578,0.999442177434621,0.33407617496466446,0,0.0,8.358724714563985
s3_baseline_geom05,1,S3,eval,baseline,uniform,softmax,geometric,200,200,0,0,1.0,4588,22.94,3567.655,179.05,1198.0,5178.7,0.13117596025514755,0.9990722197073427,0.33977304899636523,0,0.0,7.25765664000583
s3_baseline_geom05,mean,S3,eval,baseline,uniform,softmax,geometric,200,199.5,0.0,0.5,0.9975,5164.0,25.892110552763818,4015.7200000000003,200.1325,1543.75,7033.9,0.13869832551135167,0.9992571985709819,0.3369246119805148,0,0.0,7.808190677284908
s3_baseline_geom05,range,S3,eval,baseline,uniform,softmax,geometric,200,"[199, 200]","[0, 0]","[0, 1]","[0.995, 1]","[4588, 5740]","[22.94, 28.8442]","[3567.66, 4463.78]","[179.05, 221.215]","[1198, 1889.5]","[5178.7, 8889.1]","[0.131176, 0.146221]","[0.999072, 0.999442]","[0.334076, 0.339773]",0,"[0, 0]","[7.25766, 8.35872]"
s3_baseline_unifdepth,0,S3,eval,baseline,uniform,softmax,uniform_depth,200,200,0,0,1.0,3145,15.725,1508.19,122.11,1183.0,7120.999999999999,0.09397662203006038,0.9984783084359398,0.21541451231174055,0,0.0,6.770725173883927
s3_baseline_unifdepth,1,S3,eval,baseline,uniform,softmax,uniform_depth,200,199,0,1,0.995,2727,13.703517587939698,1448.255,106.335,1113.0,5793.6,0.08504819665588116,0.9975418693531181,0.2424393710684436,0,0.0,5.830530535023183
s3_baseline_unifdepth,mean,S3,eval,baseline,uniform,softmax,uniform_depth,200,199.5,0.0,0.5,0.9975,2936.0,14.714258793969849,1478.2225,114.2225,1148.0,6457.299999999999,0.08951240934297078,0.9980100888945289,0.2289269416900921,0,0.0,6.300627854453555
s3_baseline_unifdepth,range,S3,eval,baseline,uniform,softmax,uniform_depth,200,"[199, 200]","[0, 0]","[0, 1]","[0.995, 1]","[2727, 3145]","[13.7035, 15.725]","[1448.26, 1508.19]","[106.335, 122.11]","[1113, 1183]","[5793.6, 7121]","[0.0850482, 0.0939766]","[0.997542, 0.998478]","[0.215415, 0.242439]",0,"[0, 0]","[5.83053, 6.77073]"
s3_baseline_lastneg,0,S3,eval,baseline,uniform,softmax,last+negate,200,195,0,5,0.975,6286,32.235897435897435,6945.555,231.32,2204.5,7870.099999999999,0.13278942546284217,0.9997408414446362,0.4939788863527471,1388672,0.31336197460595444,6.651487174171106
s3_baseline_lastneg,1,S3,eval,baseline,uniform,softmax,last+negate,200,200,0,0,1.0,4518,22.59,5197.105,178.735,1813.5,5594.599999999999,0.12255906446452547,0.9995747632576213,0.49473494242102173,1038950,0.31165407382453436,5.777970620181812
s3_baseline_lastneg,mean,S3,eval,baseline,uniform,softmax,last+negate,200,197.5,0.0,2.5,0.9875,5402.0,27.412948717948716,6071.33,205.0275,2009.0,6732.349999999999,0.12767424496368382,0.9996578023511287,0.49435691438688445,1388672,0.3125080242152444,6.214728897176459
s3_baseline_lastneg,range,S3,eval,baseline,uniform,softmax,last+negate,200,"[195, 200]","[0, 0]","[0, 5]","[0.975, 1]","[4518, 6286]","[22.59, 32.2359]","[5197.1, 6945.56]","[178.735, 231.32]","[1813.5, 2204.5]","[5594.6, 7870.1]","[0.122559, 0.132789]","[0.999575, 0.999741]","[0.493979, 0.494735]",1388672,"[0.311654, 0.313362]","[5.77797, 6.65149]"
s3_base_1k_root,0,S3,eval,base_1k,uniform,softmax,root,200,152,0,48,0.76,10903,71.73026315789474,3522.77,421.765,17765.5,64000.0,0.015002861444719972,0.9945327114742092,0.1596272474071752,0,0.0,0.0
s3_base_1k_root,1,S3,eval,base_1k,uniform,softmax,root,200,173,1,26,0.865,7777,44.95375722543353,2485.755,299.045,8159.5,64000.0,0.019383414617266264,0.9949492206593168,0.1590361120390504,0,0.0,0.0
s3_base_1k_root,mean,S3,eval,base_1k,uniform,softmax,root,200,162.5,0.5,37.0,0.8125,9340.0,58.34201019166413,3004.2625,360.405,12962.5,64000.0,0.017193138030993118,0.994740966066763,0.1593316797231128,0,0.0,0.0
s3_base_1k_root,range,S3,eval,base_1k,uniform,softmax,root,200,"[152, 173]","[0, 1]","[26, 48]","[0.76, 0.865]","[7777, 10903]","[44.9538, 71.7303]","[2485.76, 3522.77]","[299.045, 421.765]","[8159.5, 17765.5]","[64000, 64000]","[0.0150029, 0.0193834]","[0.994533, 0.994949]","[0.159036, 0.159627]",0,"[0, 0]","[0, 0]"
s3_base_1k_last,0,S3,eval,base_1k,uniform,softmax,last,118,61,2,55,0.5169491525423728,9536,156.327868852459,18973.43220338983,617.2627118644068,64000.0,64000.0,0.21590926825536472,0.9999338950762998,0.4951691131127801,0,0.0,9.81380699595554
s3_base_1k_last,1,S3,eval,base_1k,uniform,softmax,last,133,75,4,54,0.5639097744360902,9727,129.69333333333333,17024.977443609023,555.6616541353384,3802.0,64000.0,0.22327247747075935,0.9999355215380145,0.494877736014179,0,0.0,9.644143368301858
s3_base_1k_last,mean,S3,eval,base_1k,uniform,softmax,last,118,68.0,3.0,54.5,0.5404294634892315,9631.5,143.01060109289617,17999.20482349943,586.4621829998725,33901.0,64000.0,0.21959087286306203,0.9999347083071571,0.4950234245634796,0,0.0,9.7289751821287
s3_base_1k_last,range,S3,eval,base_1k,uniform,softmax,last,118,"[61, 75]","[2, 4]","[54, 55]","[0.516949, 0.56391]","[9536, 9727]","[129.693, 156.328]","[17025, 18973.4]","[555.662, 617.263]","[3802, 64000]","[64000, 64000]","[0.215909, 0.223272]","[0.999934, 0.999936]","[0.494878, 0.495169]",0,"[0, 0]","[9.64414, 9.81381]"
s3_base_1k_geom05,0,S3,eval,base_1k,uniform,softmax,geometric,200,184,0,16,0.92,9929,53.96195652173913,7877.64,385.14,3232.5,64000.0,0.19533687333664412,0.9995683986574659,0.3337661055040058,0,0.0,9.449955189625319
s3_base_1k_geom05,1,S3,eval,base_1k,uniform,softmax,geometric,200,189,0,11,0.945,8635,45.68783068783069,6993.32,340.865,3352.5,21994.799999999992,0.20465227723816976,0.9996439459369798,0.333118983931419,0,0.0,9.319953898863487
s3_base_1k_geom05,mean,S3,eval,base_1k,uniform,softmax,geometric,200,186.5,0.0,13.5,0.9325,9282.0,49.82489360478491,7435.48,363.0025,3292.5,42997.399999999994,0.19999457528740694,0.9996061722972229,0.3334425447177124,0,0.0,9.384954544244403
s3_base_1k_geom05,range,S3,eval,base_1k,uniform,softmax,geometric,200,"[184, 189]","[0, 0]","[11, 16]","[0.92, 0.945]","[8635, 9929]","[45.6878, 53.962]","[6993.32, 7877.64]","[340.865, 385.14]","[3232.5, 3352.5]","[21994.8, 64000]","[0.195337, 0.204652]","[0.999568, 0.999644]","[0.333119, 0.333766]",0,"[0, 0]","[9.31995, 9.44996]"
s3_base_1k_unifdepth,0,S3,eval,base_1k,uniform,softmax,uniform_depth,200,176,0,24,0.88,9410,53.46590909090909,4219.725,356.245,6704.5,64000.0,0.16410005101427513,0.9978363518949694,0.19930381324132257,0,0.0,7.584212241319043
s3_base_1k_unifdepth,1,S3,eval,base_1k,uniform,softmax,uniform_depth,200,187,0,13,0.935,7332,39.20855614973262,3350.855,283.675,4170.5,43664.69999999997,0.1713464830910648,0.9979154573981864,0.19891697867627026,0,0.0,7.538350659756987
s3_base_1k_unifdepth,mean,S3,eval,base_1k,uniform,softmax,uniform_depth,200,181.5,0.0,18.5,0.9075,8371.0,46.33723262032086,3785.29,319.96000000000004,5437.5,53832.349999999984,0.16772326705266996,0.9978759046465779,0.19911039595879643,0,0.0,7.561281450538015
s3_base_1k_unifdepth,range,S3,eval,base_1k,uniform,softmax,uniform_depth,200,"[176, 187]","[0, 0]","[13, 24]","[0.88, 0.935]","[7332, 9410]","[39.2086, 53.4659]","[3350.86, 4219.73]","[283.675, 356.245]","[4170.5, 6704.5]","[43664.7, 64000]","[0.1641, 0.171346]","[0.997836, 0.997915]","[0.198917, 0.199304]",0,"[0, 0]","[7.53835, 7.58421]"
s3_base_1k_lastneg,0,S3,eval,base_1k,uniform,softmax,last+negate,200,163,1,36,0.815,11383,69.83435582822086,13345.405,440.105,3958.5,64000.0,0.1939047680886846,0.9998561302560695,0.49538611183557774,2668497,0.3097234135919958,8.146354494299723
s3_base_1k_lastneg,1,S3,eval,base_1k,uniform,softmax,last+negate,200,175,1,24,0.875,10924,62.42285714285714,12680.185,417.44,3363.0,64000.0,0.2058626810947514,0.999894717624388,0.4951709617596098,2535431,0.3049485472095277,8.061562587612089
s3_base_1k_lastneg,mean,S3,eval,base_1k,uniform,softmax,last+negate,200,169.0,1.0,30.0,0.845,11153.5,66.128606485539,13012.795,428.77250000000004,3660.75,64000.0,0.199883724591718,0.9998754239402288,0.49527853679759376,2668497,0.3073359804007617,8.103958540955906
s3_base_1k_lastneg,range,S3,eval,base_1k,uniform,softmax,last+negate,200,"[163, 175]","[1, 1]","[24, 36]","[0.815, 0.875]","[10924, 11383]","[62.4229, 69.8344]","[12680.2, 13345.4]","[417.44, 440.105]","[3363, 3958.5]","[64000, 64000]","[0.193905, 0.205863]","[0.999856, 0.999895]","[0.495171, 0.495386]",2668497,"[0.304949, 0.309723]","[8.06156, 8.14635]"
s4_1k_p0_root,0,S4,eval,base_1k,uniform,softmax,root,190,136,0,54,0.7157894736842105,10906,80.19117647058823,3640.057894736842,435.7421052631579,16821.0,64000.0,0.015041858379094023,0.9945055818950248,0.15943092553526605,0,0.0,0.0
s4_1k_p0_root,1,S4,eval,base_1k,uniform,softmax,root,200,175,0,25,0.875,7949,45.42285714285714,2458.27,294.93,8183.5,64000.0,0.01942586670334988,0.9944737559340512,0.1596475807173116,0,0.0,0.0
s4_1k_p0_root,mean,S4,eval,base_1k,uniform,softmax,root,190,155.5,0.0,39.5,0.7953947368421053,9427.5,62.807016806722686,3049.163947368421,365.3360526315789,12502.25,64000.0,0.017233862541221952,0.9944896689145379,0.15953925312628883,0,0.0,0.0
s4_1k_p0_root,range,S4,eval,base_1k,uniform,softmax,root,190,"[136, 175]","[0, 0]","[25, 54]","[0.715789, 0.875]","[7949, 10906]","[45.4229, 80.1912]","[2458.27, 3640.06]","[294.93, 435.742]","[8183.5, 16821]","[64000, 64000]","[0.0150419, 0.0194259]","[0.994474, 0.994506]","[0.159431, 0.159648]",0,"[0, 0]","[0, 0]"
s4_1k_pstar_root,0,S4,eval,base_1k,uniform,argmax,root,200,199,0,1,0.995,2203,11.07035175879397,404.605,79.43,1585.5,14094.899999999996,0.03937208683247905,0.9963915423684828,0.09385068442126827,0,0.0,0.0
s4_1k_pstar_root,1,S4,eval,base_1k,uniform,argmax,root,200,199,0,1,0.995,2065,10.376884422110553,393.485,76.195,1278.0,11855.899999999994,0.04579017711106887,0.9968105518634763,0.095381106161119,0,0.0,0.0
s4_1k_pstar_root,mean,S4,eval,base_1k,uniform,argmax,root,200,199.0,0.0,1.0,0.995,2134.0,10.723618090452263,399.045,77.8125,1431.75,12975.399999999994,0.04258113197177396,0.9966010471159796,0.09461589529119363,0,0.0,0.0
s4_1k_pstar_root,range,S4,eval,base_1k,uniform,argmax,root,200,"[199, 199]","[0, 0]","[1, 1]","[0.995, 0.995]","[2065, 2203]","[10.3769, 11.0704]","[393.485, 404.605]","[76.195, 79.43]","[1278, 1585.5]","[11855.9, 14094.9]","[0.0393721, 0.0457902]","[0.996392, 0.996811]","[0.0938507, 0.0953811]",0,"[0, 0]","[0, 0]"
s4_1k_pstar_geom,0,S4,eval,base_1k,uniform,argmax,geometric,200,190,0,10,0.95,8239,43.363157894736844,6177.465,308.915,2670.0,15088.899999999998,0.20923386184545364,0.9997474692288827,0.327718363760244,0,0.0,11.510631788282087
s4_1k_pstar_geom,1,S4,eval,base_1k,uniform,argmax,geometric,200,192,2,6,0.96,7420,38.645833333333336,5630.905,283.275,3204.5,14427.199999999997,0.2137632012800875,0.9998108652161597,0.3278432107885028,0,0.0,11.086351128282221
s4_1k_pstar_geom,mean,S4,eval,base_1k,uniform,argmax,geometric,200,191.0,1.0,8.0,0.955,7829.5,41.00449561403509,5904.1849999999995,296.095,2937.25,14758.049999999997,0.21149853156277057,0.9997791672225211,0.32778078727437343,0,0.0,11.298491458282154
s4_1k_pstar_geom,range,S4,eval,base_1k,uniform,argmax,geometric,200,"[190, 192]","[0, 2]","[6, 10]","[0.95, 0.96]","[7420, 8239]","[38.6458, 43.3632]","[5630.9, 6177.47]","[283.275, 308.915]","[2670, 3204.5]","[14427.2, 15088.9]","[0.209234, 0.213763]","[0.999747, 0.999811]","[0.327718, 0.327843]",0,"[0, 0]","[11.0864, 11.5106]"
s4_1k_p0_geom,0,S4,eval,base_1k,uniform,softmax,geometric,200,186,1,13,0.93,10311,55.435483870967744,7900.495,384.03,2925.0,64000.0,0.1954788449864935,0.9995728115769962,0.33337618146330794,0,0.0,9.505298718624593
s4_1k_p0_geom,1,S4,eval,base_1k,uniform,softmax,geometric,200,184,0,16,0.92,9357,50.85326086956522,7443.875,361.63,4065.5,64000.0,0.20593904014032033,0.9996393007674095,0.3331126367378805,0,0.0,9.324624607479304
s4_1k_p0_geom,mean,S4,eval,base_1k,uniform,softmax,geometric,200,185.0,0.5,14.5,0.925,9834.0,53.14437237026648,7672.1849999999995,372.83,3495.25,64000.0,0.20070894256340693,0.9996060561722029,0.3332444091005942,0,0.0,9.414961663051947
s4_1k_p0_geom,range,S4,eval,base_1k,uniform,softmax,geometric,200,"[184, 186]","[0, 1]","[13, 16]","[0.92, 0.93]","[9357, 10311]","[50.8533, 55.4355]","[7443.88, 7900.49]","[361.63, 384.03]","[2925, 4065.5]","[64000, 64000]","[0.195479, 0.205939]","[0.999573, 0.999639]","[0.333113, 0.333376]",0,"[0, 0]","[9.32462, 9.5053]"
s4_2k_p0_root,0,S4,eval,baseline,uniform,softmax,root,200,199,0,1,0.995,2512,12.623115577889447,722.75,86.17,1717.5,13826.099999999995,0.009071712453250428,0.9982635766170875,0.1630421641483276,0,0.0,0.0
s4_2k_p0_root,1,S4,eval,baseline,uniform,softmax,root,200,200,0,0,1.0,1678,8.39,620.65,63.885,1141.0,9600.899999999998,0.008066228487050247,0.9960928059292677,0.19840722221865634,0,0.0,0.0
s4_2k_p0_root,mean,S4,eval,baseline,uniform,softmax,root,200,199.5,0.0,0.5,0.9975,2095.0,10.506557788944724,671.7,75.0275,1429.25,11713.499999999996,0.008568970470150337,0.9971781912731776,0.18072469318349196,0,0.0,0.0
s4_2k_p0_root,range,S4,eval,baseline,uniform,softmax,root,200,"[199, 200]","[0, 0]","[0, 1]","[0.995, 1]","[1678, 2512]","[8.39, 12.6231]","[620.65, 722.75]","[63.885, 86.17]","[1141, 1717.5]","[9600.9, 13826.1]","[0.00806623, 0.00907171]","[0.996093, 0.998264]","[0.163042, 0.198407]",0,"[0, 0]","[0, 0]"
s4_2k_pstar_root,0,S4,eval,baseline,uniform,argmax,root,200,200,0,0,1.0,870,4.35,177.265,33.32,444.0,3668.2999999999997,0.01864919770566435,0.996079316277889,0.10243008220163476,0,0.0,0.0
s4_2k_pstar_root,1,S4,eval,baseline,uniform,argmax,root,200,200,0,0,1.0,707,3.535,157.555,26.235,318.0,2697.6,0.0161723444733453,0.9960013963377868,0.1207821495643607,0,0.0,0.0
s4_2k_pstar_root,mean,S4,eval,baseline,uniform,argmax,root,200,200.0,0.0,0.0,1.0,788.5,3.9425,167.41,29.7775,381.0,3182.95,0.017410771089504826,0.9960403563078379,0.11160611588299774,0,0.0,0.0
s4_2k_pstar_root,range,S4,eval,baseline,uniform,argmax,root,200,"[200, 200]","[0, 0]","[0, 0]","[1, 1]","[707, 870]","[3.535, 4.35]","[157.555, 177.265]","[26.235, 33.32]","[318, 444]","[2697.6, 3668.3]","[0.0161723, 0.0186492]","[0.996001, 0.996079]","[0.10243, 0.120782]",0,"[0, 0]","[0, 0]"
s4_2k_pstar_geom,0,S4,eval,baseline,uniform,argmax,geometric,200,198,0,2,0.99,5501,27.782828282828284,4232.945,214.92,1501.5,7203.699999999998,0.1724439309847461,0.9995747641417501,0.3264876923142215,0,0.0,10.64302985273846
s4_2k_pstar_geom,1,S4,eval,baseline,uniform,argmax,geometric,200,200,0,0,1.0,4627,23.135,3480.89,180.795,1902.5,5613.4,0.15462076834250393,0.9996035496668956,0.3275767112880191,0,0.0,9.602716546630315
s4_2k_pstar_geom,mean,S4,eval,baseline,uniform,argmax,geometric,200,199.0,0.0,1.0,0.995,5064.0,25.45891414141414,3856.9174999999996,197.8575,1702.0,6408.549999999999,0.163532349663625,0.9995891569043228,0.32703220180112025,0,0.0,10.122873199684388
s4_2k_pstar_geom,range,S4,eval,baseline,uniform,argmax,geometric,200,"[198, 200]","[0, 0]","[0, 2]","[0.99, 1]","[4627, 5501]","[23.135, 27.7828]","[3480.89, 4232.94]","[180.795, 214.92]","[1501.5, 1902.5]","[5613.4, 7203.7]","[0.154621, 0.172444]","[0.999575, 0.999604]","[0.326488, 0.327577]",0,"[0, 0]","[9.60272, 10.643]"
s4_2k_p0_geom,0,S4,eval,baseline,uniform,softmax,geometric,200,197,0,3,0.985,6028,30.598984771573605,4535.045,225.55,2116.0,7228.999999999993,0.14751514743770097,0.9994950435993468,0.33424759255722447,0,0.0,8.315770846816294
s4_2k_p0_geom,1,S4,eval,baseline,uniform,softmax,geometric,200,200,0,0,1.0,4590,22.95,3587.36,180.06,1563.0,5901.399999999998,0.13168613818959385,0.9991079791267116,0.339480298187546,0,0.0,7.303663418223986
s4_2k_p0_geom,mean,S4,eval,baseline,uniform,softmax,geometric,200,198.5,0.0,1.5,0.9924999999999999,5309.0,26.7744923857868,4061.2025000000003,202.805,1839.5,6565.199999999995,0.13960064281364742,0.9993015113630292,0.33686394537238523,0,0.0,7.80971713252014
s4_2k_p0_geom,range,S4,eval,baseline,uniform,softmax,geometric,200,"[197, 200]","[0, 0]","[0, 3]","[0.985, 1]","[4590, 6028]","[22.95, 30.599]","[3587.36, 4535.05]","[180.06, 225.55]","[1563, 2116]","[5901.4, 7229]","[0.131686, 0.147515]","[0.999108, 0.999495]","[0.334248, 0.33948]",0,"[0, 0]","[7.30366, 8.31577]"
