config,seed,study,input,effective_n_loops,eval_n_loops_flag,deduce_passes,threshold,cls_threshold,augment,n_eval,correct,wrong,timeouts,accuracy,total_calls,calls_per_solve,avg_resets,unsound_rate,conflict_precision,conflict_recall
o1_scale_L1,0,O1-scale,baseline,1,1,1,0.1,0.6,True,56,0,0,56,0.0,7000,,6797.857142857143,0.0029575907104542956,0.9811206262477672,0.1238550653028537
o1_scale_L1,1,O1-scale,baseline,1,1,1,0.1,0.6,True,56,0,0,56,0.0,7000,,14067.107142857143,0.00095426046241804,0.9467488746543989,0.3063785368362546
o1_scale_L1,mean,O1-scale,baseline,1,1,1,0.1,0.6,True,56,0.0,0.0,56.0,0.0,7000.0,,10432.482142857143,0.0019559255864361677,0.9639347504510831,0.21511680106955416
o1_scale_L1,range,O1-scale,baseline,1,1,1,0.1,0.6,True,56,"[0, 0]","[0, 0]","[56, 56]","[0, 0]","[7000, 7000]",,"[6797.86, 14067.1]","[0.00095426, 0.00295759]","[0.946749, 0.981121]","[0.123855, 0.306379]"
o1_scale_L2,0,O1-scale,baseline,2,2,1,0.1,0.6,True,56,0,0,56,0.0,7000,,7645.321428571428,0.00458238309181772,0.9887723117312642,0.1456280554109778
o1_scale_L2,1,O1-scale,baseline,2,2,1,0.1,0.6,True,59,3,0,56,0.05084745762711865,7713,2571.0,10167.864406779661,0.0027300546384520117,0.9807395801211798,0.212015000102696
o1_scale_L2,mean,O1-scale,baseline,2,2,1,0.1,0.6,True,56,1.5,0.0,56.0,0.025423728813559324,7356.5,2571.0,8906.592917675545,0.003656218865134866,0.9847559459262221,0.1788215277568369
o1_scale_L2,range,O1-scale,baseline,2,2,1,0.1,0.6,True,56,"[0, 3]","[0, 0]","[56, 56]","[0, 0.0508475]","[7000, 7713]","[2571, 2571]","[7645.32, 10167.9]","[0.00273005, 0.00458238]","[0.98074, 0.988772]","[0.145628, 0.212015]"
o1_scale_L4,0,O1-scale,baseline,4,4,1,0.1,0.6,True,95,39,0,56,0.4105263157894737,8526,218.6153846153846,5238.526315789473,0.008679509549566132,0.995314353856624,0.14966884858203677
o1_scale_L4,1,O1-scale,baseline,4,4,1,0.1,0.6,True,91,36,0,55,0.3956043956043956,8040,223.33333333333334,5919.549450549451,0.0056489673897913905,0.9953068277308976,0.17959337097350772
o1_scale_L4,mean,O1-scale,baseline,4,4,1,0.1,0.6,True,95,37.5,0.0,55.5,0.40306535569693464,8283.0,220.97435897435898,5579.037883169462,0.007164238469678761,0.9953105907937608,0.16463110977777223
o1_scale_L4,range,O1-scale,baseline,4,4,1,0.1,0.6,True,95,"[36, 39]","[0, 0]","[55, 56]","[0.395604, 0.410526]","[8040, 8526]","[218.615, 223.333]","[5238.53, 5919.55]","[0.00564897, 0.00867951]","[0.995307, 0.995314]","[0.149669, 0.179593]"
o1_scale_L8,0,O1-scale,baseline,8,8,1,0.1,0.6,True,200,160,0,40,0.8,9811,61.31875,3189.28,0.007954055205067244,0.9971246575856505,0.16837353787273948
o1_scale_L8,1,O1-scale,baseline,8,8,1,0.1,0.6,True,200,171,0,29,0.855,8382,49.01754385964912,3018.97,0.00681450675585886,0.9953443220540454,0.1935989164225374
o1_scale_L8,mean,O1-scale,baseline,8,8,1,0.1,0.6,True,200,165.5,0.0,34.5,0.8275,9096.5,55.16814692982456,3104.125,0.007384280980463053,0.996234489819848,0.18098622714763846
o1_scale_L8,range,O1-scale,baseline,8,8,1,0.1,0.6,True,200,"[160, 171]","[0, 0]","[29, 40]","[0.8, 0.855]","[8382, 9811]","[49.0175, 61.3188]","[3018.97, 3189.28]","[0.00681451, 0.00795406]","[0.995344, 0.997125]","[0.168374, 0.193599]"
o1_scale_L16,0,O1-scale,baseline,16,16,1,0.1,0.6,True,200,199,0,1,0.995,2761,13.874371859296483,709.17,0.008783798737379906,0.9981226402631085,0.16378776244162419
o1_scale_L16,1,O1-scale,baseline,16,16,1,0.1,0.6,True,200,199,0,1,0.995,1703,8.557788944723619,614.435,0.007699692104876898,0.9961247758134768,0.19966971010561893
o1_scale_L16,mean,O1-scale,baseline,16,16,1,0.1,0.6,True,200,199.0,0.0,1.0,0.995,2232.0,11.21608040201005,661.8025,0.008241745421128401,0.9971237080382926,0.18172873627362157
o1_scale_L16,range,O1-scale,baseline,16,16,1,0.1,0.6,True,200,"[199, 199]","[0, 0]","[1, 1]","[0.995, 0.995]","[1703, 2761]","[8.55779, 13.8744]","[614.435, 709.17]","[0.00769969, 0.0087838]","[0.996125, 0.998123]","[0.163788, 0.19967]"
o1_scale_L32,0,O1-scale,baseline,32,32,1,0.1,0.6,True,200,199,0,1,0.995,1318,6.623115577889447,316.02,0.012043120550460312,0.998748300160712,0.16404764745150097
o1_scale_L32,1,O1-scale,baseline,32,32,1,0.1,0.6,True,200,200,0,0,1.0,807,4.035,252.535,0.00913121906661851,0.9971815323260986,0.19505544991880347
o1_scale_L32,mean,O1-scale,baseline,32,32,1,0.1,0.6,True,200,199.5,0.0,0.5,0.9975,1062.5,5.3290577889447235,284.2775,0.010587169808539411,0.9979649162434053,0.17955154868515222
o1_scale_L32,range,O1-scale,baseline,32,32,1,0.1,0.6,True,200,"[199, 200]","[0, 0]","[0, 1]","[0.995, 1]","[807, 1318]","[4.035, 6.62312]","[252.535, 316.02]","[0.00913122, 0.0120431]","[0.997182, 0.998748]","[0.164048, 0.195055]"
o1_xfer_Lt1_Le1,0,O1-transfer,d1_L1,1,1,1,0.1,0.6,True,68,11,0,57,0.16176470588235295,8056,732.3636363636364,7122.426470588235,0.005320743085082905,0.990890606776827,0.1539348084649522
o1_xfer_Lt1_Le1,1,O1-transfer,d1_L1,1,1,1,0.1,0.6,True,72,15,0,57,0.20833333333333334,8199,546.6,6822.236111111111,0.006118960591597519,0.9918530744823965,0.1534642568675025
o1_xfer_Lt1_Le1,mean,O1-transfer,d1_L1,1,1,1,0.1,0.6,True,68,13.0,0.0,57.0,0.18504901960784315,8127.5,639.4818181818182,6972.331290849674,0.005719851838340212,0.9913718406296117,0.15369953266622735
o1_xfer_Lt1_Le1,range,O1-transfer,d1_L1,1,1,1,0.1,0.6,True,68,"[11, 15]","[0, 0]","[57, 57]","[0.161765, 0.208333]","[8056, 8199]","[546.6, 732.364]","[6822.24, 7122.43]","[0.00532074, 0.00611896]","[0.990891, 0.991853]","[0.153464, 0.153935]"
o1_xfer_Lt1_Le2,0,O1-transfer,d1_L1,2,2,1,0.1,0.6,True,56,0,0,56,0.0,7000,,11806.982142857143,0.028931120000872994,0.9772940043043538,0.22207085545554428
o1_xfer_Lt1_Le2,1,O1-transfer,d1_L1,2,2,1,0.1,0.6,True,57,1,0,56,0.017543859649122806,7252,7252.0,13598.543859649122,0.024037514040991532,0.9541631189204531,0.2528500803222325
o1_xfer_Lt1_Le2,mean,O1-transfer,d1_L1,2,2,1,0.1,0.6,True,56,0.5,0.0,56.0,0.008771929824561403,7126.0,7252.0,12702.763001253134,0.026484317020932263,0.9657285616124034,0.2374604678888884
o1_xfer_Lt1_Le2,range,O1-transfer,d1_L1,2,2,1,0.1,0.6,True,56,"[0, 1]","[0, 0]","[56, 56]","[0, 0.0175439]","[7000, 7252]","[7252, 7252]","[11807, 13598.5]","[0.0240375, 0.0289311]","[0.954163, 0.977294]","[0.222071, 0.25285]"
o1_xfer_Lt1_Le4,0,O1-transfer,d1_L1,4,4,1,0.1,0.6,True,56,0,0,56,0.0,7000,,63177.42857142857,0.010607289550813916,0.9554604718683436,0.9909010909896764
o1_xfer_Lt1_Le4,1,O1-transfer,d1_L1,4,4,1,0.1,0.6,True,62,4,3,55,0.06451612903225806,7839,1959.75,45890.45161290323,0.032981084989656836,0.9995888293726239,0.765137233635045
o1_xfer_Lt1_Le4,mean,O1-transfer,d1_L1,4,4,1,0.1,0.6,True,56,2.0,1.5,55.5,0.03225806451612903,7419.5,1959.75,54533.940092165896,0.021794187270235375,0.9775246506204838,0.8780191623123608
o1_xfer_Lt1_Le4,range,O1-transfer,d1_L1,4,4,1,0.1,0.6,True,56,"[0, 4]","[0, 3]","[55, 56]","[0, 0.0645161]","[7000, 7839]","[1959.75, 1959.75]","[45890.5, 63177.4]","[0.0106073, 0.0329811]","[0.95546, 0.999589]","[0.765137, 0.990901]"
o1_xfer_Lt1_Le8,0,O1-transfer,d1_L1,8,8,1,0.1,0.6,True,56,0,0,56,0.0,7000,,64000.0,0.10947636100213569,1.0,1.0
o1_xfer_Lt1_Le8,1,O1-transfer,d1_L1,8,8,1,0.1,0.6,True,56,0,0,56,0.0,7000,,64000.0,0.09256273156163092,0.999986328125,1.0
o1_xfer_Lt1_Le8,mean,O1-transfer,d1_L1,8,8,1,0.1,0.6,True,56,0.0,0.0,56.0,0.0,7000.0,,64000.0,0.10101954628188331,0.9999931640624999,1.0
o1_xfer_Lt1_Le8,range,O1-transfer,d1_L1,8,8,1,0.1,0.6,True,56,"[0, 0]","[0, 0]","[56, 56]","[0, 0]","[7000, 7000]",,"[64000, 64000]","[0.0925627, 0.109476]","[0.999986, 1]","[1, 1]"
o1_xfer_Lt1_Le16,0,O1-transfer,d1_L1,16,16,1,0.1,0.6,True,56,0,0,56,0.0,7000,,64000.0,0.10994714983313615,1.0,1.0
o1_xfer_Lt1_Le16,1,O1-transfer,d1_L1,16,16,1,0.1,0.6,True,59,3,0,56,0.05084745762711865,7102,2367.3333333333335,60856.338983050846,0.08986762766572497,0.9999986075181211,0.9999986075181211
o1_xfer_Lt1_Le16,mean,O1-transfer,d1_L1,16,16,1,0.1,0.6,True,56,1.5,0.0,56.0,0.025423728813559324,7051.0,2367.3333333333335,62428.16949152542,0.09990738874943056,0.9999993037590605,0.9999993037590605
o1_xfer_Lt1_Le16,range,O1-transfer,d1_L1,16,16,1,0.1,0.6,True,56,"[0, 3]","[0, 0]","[56, 56]","[0, 0.0508475]","[7000, 7102]","[2367.33, 2367.33]","[60856.3, 64000]","[0.0898676, 0.109947]","[0.999999, 1]","[0.999999, 1]"
o1_xfer_Lt1_Le32,0,O1-transfer,d1_L1,32,32,1,0.1,0.6,True,56,0,0,56,0.0,7000,,64000.0,0.10996824860034152,1.0,1.0
o1_xfer_Lt1_Le32,1,O1-transfer,d1_L1,32,32,1,0.1,0.6,True,86,6,23,57,0.06976744186046512,8033,1338.8333333333333,45906.1976744186,0.0947767363300343,0.9999997468143549,0.9999653147609491
o1_xfer_Lt1_Le32,mean,O1-transfer,d1_L1,32,32,1,0.1,0.6,True,56,3.0,11.5,56.5,0.03488372093023256,7516.5,1338.8333333333333,54953.0988372093,0.10237249246518791,0.9999998734071774,0.9999826573804745
o1_xfer_Lt1_Le32,range,O1-transfer,d1_L1,32,32,1,0.1,0.6,True,56,"[0, 6]","[0, 23]","[56, 57]","[0, 0.0697674]","[7000, 8033]","[1338.83, 1338.83]","[45906.2, 64000]","[0.0947767, 0.109968]","[1, 1]","[0.999965, 1]"
o1_xfer_Lt2_Le1,0,O1-transfer,d1_L2,1,1,1,0.1,0.6,True,65,8,0,57,0.12307692307692308,8004,1000.5,5683.261538461538,0.006745377142411565,0.9971824581631576,0.1125951434004265
o1_xfer_Lt2_Le1,1,O1-transfer,d1_L2,1,1,1,0.1,0.6,True,64,7,0,57,0.109375,8000,1142.857142857143,6911.15625,0.004448578336163306,0.9897846618472153,0.13682070864099544
o1_xfer_Lt2_Le1,mean,O1-transfer,d1_L2,1,1,1,0.1,0.6,True,65,7.5,0.0,57.0,0.11622596153846154,8002.0,1071.6785714285716,6297.208894230769,0.0055969777392874355,0.9934835600051865,0.12470792602071097
o1_xfer_Lt2_Le1,range,O1-transfer,d1_L2,1,1,1,0.1,0.6,True,65,"[7, 8]","[0, 0]","[57, 57]","[0.109375, 0.123077]","[8000, 8004]","[1000.5, 1142.86]","[5683.26, 6911.16]","[0.00444858, 0.00674538]","[0.989785, 0.997182]","[0.112595, 0.136821]"
o1_xfer_Lt2_Le2,0,O1-transfer,d1_L2,2,2,1,0.1,0.6,True,97,41,0,56,0.422680412371134,8570,209.02439024390245,5001.938144329897,0.007213583438511472,0.9987910567029419,0.1391942558952073
o1_xfer_Lt2_Le2,1,O1-transfer,d1_L2,2,2,1,0.1,0.6,True,96,39,0,57,0.40625,8408,215.5897435897436,5372.645833333333,0.007719690657994176,0.9961197060042852,0.15510726245085735
o1_xfer_Lt2_Le2,mean,O1-transfer,d1_L2,2,2,1,0.1,0.6,True,97,40.0,0.0,56.5,0.41446520618556704,8489.0,212.30706691682303,5187.2919888316155,0.0074666370482528235,0.9974553813536136,0.14715075917303233
o1_xfer_Lt2_Le2,range,O1-transfer,d1_L2,2,2,1,0.1,0.6,True,97,"[39, 41]","[0, 0]","[56, 57]","[0.40625, 0.42268]","[8408, 8570]","[209.024, 215.59]","[5001.94, 5372.65]","[0.00721358, 0.00771969]","[0.99612, 0.998791]","[0.139194, 0.155107]"
o1_xfer_Lt2_Le4,0,O1-transfer,d1_L2,4,4,1,0.1,0.6,True,97,41,0,56,0.422680412371134,8072,196.8780487804878,9494.752577319588,0.0029256314051996526,0.9430944057840821,0.33140091240361086
o1_xfer_Lt2_Le4,1,O1-transfer,d1_L2,4,4,1,0.1,0.6,True,137,81,0,56,0.5912408759124088,9056,111.80246913580247,7397.5474452554745,0.006535234690223391,0.9519880716685375,0.32477221586616806
o1_xfer_Lt2_Le4,mean,O1-transfer,d1_L2,4,4,1,0.1,0.6,True,97,61.0,0.0,56.0,0.5069606441417714,8564.0,154.34025895814514,8446.150011287531,0.004730433047711521,0.9475412387263098,0.32808656413488946
o1_xfer_Lt2_Le4,range,O1-transfer,d1_L2,4,4,1,0.1,0.6,True,97,"[41, 81]","[0, 0]","[56, 56]","[0.42268, 0.591241]","[8072, 9056]","[111.802, 196.878]","[7397.55, 9494.75]","[0.00292563, 0.00653523]","[0.943094, 0.951988]","[0.324772, 0.331401]"
o1_xfer_Lt2_Le8,0,O1-transfer,d1_L2,8,8,1,0.1,0.6,True,81,25,0,56,0.30864197530864196,7907,316.28,18360.16049382716,0.004626295969723846,0.86253441378272,0.5418726783439343
o1_xfer_Lt2_Le8,1,O1-transfer,d1_L2,8,8,1,0.1,0.6,True,194,139,0,55,0.7164948453608248,9592,69.00719424460432,7882.29381443299,0.02215840634493047,0.9528395461320206,0.4467269927604404
o1_xfer_Lt2_Le8,mean,O1-transfer,d1_L2,8,8,1,0.1,0.6,True,81,82.0,0.0,55.5,0.5125684103347333,8749.5,192.64359712230214,13121.227154130074,0.013392351157327159,0.9076869799573704,0.49429983555218737
o1_xfer_Lt2_Le8,range,O1-transfer,d1_L2,8,8,1,0.1,0.6,True,81,"[25, 139]","[0, 0]","[55, 56]","[0.308642, 0.716495]","[7907, 9592]","[69.0072, 316.28]","[7882.29, 18360.2]","[0.0046263, 0.0221584]","[0.862534, 0.95284]","[0.446727, 0.541873]"
o1_xfer_Lt2_Le16,0,O1-transfer,d1_L2,16,16,1,0.1,0.6,True,198,114,30,54,0.5757575757575758,9381,82.28947368421052,11812.328282828283,0.02525565038629655,0.9742015303192854,0.5258826964509623
o1_xfer_Lt2_Le16,1,O1-transfer,d1_L2,16,16,1,0.1,0.6,True,200,153,3,44,0.765,8300,54.248366013071895,8836.19,0.08278071466929815,0.9968112734581424,0.5043207078345732
o1_xfer_Lt2_Le16,mean,O1-transfer,d1_L2,16,16,1,0.1,0.6,True,198,133.5,16.5,49.0,0.6703787878787879,8840.5,68.2689198486412,10324.259141414143,0.05401818252779735,0.9855064018887139,0.5151017021427677
o1_xfer_Lt2_Le16,range,O1-transfer,d1_L2,16,16,1,0.1,0.6,True,198,"[114, 153]","[3, 30]","[44, 54]","[0.575758, 0.765]","[8300, 9381]","[54.2484, 82.2895]","[8836.19, 11812.3]","[0.0252557, 0.0827807]","[0.974202, 0.996811]","[0.504321, 0.525883]"
o1_xfer_Lt2_Le32,0,O1-transfer,d1_L2,32,32,1,0.1,0.6,True,200,59,141,0,0.295,62,1.0508474576271187,34.545,0.05764136901572988,0.9939932097153303,0.3967338429464906
o1_xfer_Lt2_Le32,1,O1-transfer,d1_L2,32,32,1,0.1,0.6,True,200,118,74,8,0.59,2485,21.059322033898304,2826.24,0.10494478366572119,0.9997465482493476,0.5366321863345296
o1_xfer_Lt2_Le32,mean,O1-transfer,d1_L2,32,32,1,0.1,0.6,True,200,88.5,107.5,4.0,0.4425,1273.5,11.055084745762711,1430.3925,0.08129307634072554,0.9968698789823389,0.4666830146405101
o1_xfer_Lt2_Le32,range,O1-transfer,d1_L2,32,32,1,0.1,0.6,True,200,"[59, 118]","[74, 141]","[0, 8]","[0.295, 0.59]","[62, 2485]","[1.05085, 21.0593]","[34.545, 2826.24]","[0.0576414, 0.104945]","[0.993993, 0.999747]","[0.396734, 0.536632]"
o1_xfer_Lt4_Le1,0,O1-transfer,d1_L4,1,1,1,0.1,0.6,True,56,0,0,56,0.0,7000,,7147.321428571428,0.0031633928044112764,0.9919900062460962,0.13405913074482698
o1_xfer_Lt4_Le1,1,O1-transfer,d1_L4,1,1,1,0.1,0.6,True,56,0,0,56,0.0,7000,,6218.982142857143,0.005328923832508644,0.9859761157516015,0.11283966520651842
o1_xfer_Lt4_Le1,mean,O1-transfer,d1_L4,1,1,1,0.1,0.6,True,56,0.0,0.0,56.0,0.0,7000.0,,6683.151785714286,0.00424615831845996,0.9889830609988488,0.1234493979756727
o1_xfer_Lt4_Le1,range,O1-transfer,d1_L4,1,1,1,0.1,0.6,True,56,"[0, 0]","[0, 0]","[56, 56]","[0, 0]","[7000, 7000]",,"[6218.98, 7147.32]","[0.00316339, 0.00532892]","[0.985976, 0.99199]","[0.11284, 0.134059]"
o1_xfer_Lt4_Le2,0,O1-transfer,d1_L4,2,2,1,0.1,0.6,True,87,30,0,57,0.3448275862068966,8300,276.6666666666667,6301.367816091954,0.004103985696564726,0.995338526522271,0.1673940576829507
o1_xfer_Lt4_Le2,1,O1-transfer,d1_L4,2,2,1,0.1,0.6,True,97,40,0,57,0.41237113402061853,8758,218.95,5585.515463917526,0.00604246633960767,0.9947048473424641,0.15806101721540192
o1_xfer_Lt4_Le2,mean,O1-transfer,d1_L4,2,2,1,0.1,0.6,True,87,35.0,0.0,57.0,0.37859936011375755,8529.0,247.80833333333334,5943.44164000474,0.005073226018086198,0.9950216869323676,0.1627275374491763
o1_xfer_Lt4_Le2,range,O1-transfer,d1_L4,2,2,1,0.1,0.6,True,87,"[30, 40]","[0, 0]","[57, 57]","[0.344828, 0.412371]","[8300, 8758]","[218.95, 276.667]","[5585.52, 6301.37]","[0.00410399, 0.00604247]","[0.994705, 0.995339]","[0.158061, 0.167394]"
o1_xfer_Lt4_Le4,0,O1-transfer,d1_L4,4,4,1,0.1,0.6,True,200,190,0,10,0.95,6227,32.77368421052632,2037.1,0.007147230298984682,0.9973392038624302,0.17684618873927874
o1_xfer_Lt4_Le4,1,O1-transfer,d1_L4,4,4,1,0.1,0.6,True,200,183,2,15,0.915,6458,35.2896174863388,2119.75,0.010147642331639688,0.9971389040922128,0.16958135684900258
o1_xfer_Lt4_Le4,mean,O1-transfer,d1_L4,4,4,1,0.1,0.6,True,200,186.5,1.0,12.5,0.9325,6342.5,34.03165084843256,2078.425,0.008647436315312184,0.9972390539773215,0.17321377279414066
o1_xfer_Lt4_Le4,range,O1-transfer,d1_L4,4,4,1,0.1,0.6,True,200,"[183, 190]","[0, 2]","[10, 15]","[0.915, 0.95]","[6227, 6458]","[32.7737, 35.2896]","[2037.1, 2119.75]","[0.00714723, 0.0101476]","[0.997139, 0.997339]","[0.169581, 0.176846]"
o1_xfer_Lt4_Le8,0,O1-transfer,d1_L4,8,8,1,0.1,0.6,True,200,200,0,0,1.0,918,4.59,298.075,0.010225582912914123,0.9976323684423903,0.17157622883152235
o1_xfer_Lt4_Le8,1,O1-transfer,d1_L4,8,8,1,0.1,0.6,True,200,200,0,0,1.0,1356,6.78,424.155,0.01030820271201828,0.9978792314519196,0.1713554531635949
o1_xfer_Lt4_Le8,mean,O1-transfer,d1_L4,8,8,1,0.1,0.6,True,200,200.0,0.0,0.0,1.0,1137.0,5.6850000000000005,361.115,0.010266892812466202,0.9977557999471549,0.17146584099755863
o1_xfer_Lt4_Le8,range,O1-transfer,d1_L4,8,8,1,0.1,0.6,True,200,"[200, 200]","[0, 0]","[0, 0]","[1, 1]","[918, 1356]","[4.59, 6.78]","[298.075, 424.155]","[0.0102256, 0.0103082]","[0.997632, 0.997879]","[0.171355, 0.171576]"
o1_xfer_Lt4_Le16,0,O1-transfer,d1_L4,16,16,1,0.1,0.6,True,200,200,0,0,1.0,868,4.34,219.375,0.01753455261151171,0.9977750896444464,0.1889789873334861
o1_xfer_Lt4_Le16,1,O1-transfer,d1_L4,16,16,1,0.1,0.6,True,200,200,0,0,1.0,641,3.205,194.925,0.010996572325300023,0.9981079221545115,0.16868705745551196
o1_xfer_Lt4_Le16,mean,O1-transfer,d1_L4,16,16,1,0.1,0.6,True,200,200.0,0.0,0.0,1.0,754.5,3.7725,207.15,0.014265562468405867,0.9979415058994789,0.17883302239449902
o1_xfer_Lt4_Le16,range,O1-transfer,d1_L4,16,16,1,0.1,0.6,True,200,"[200, 200]","[0, 0]","[0, 0]","[1, 1]","[641, 868]","[3.205, 4.34]","[194.925, 219.375]","[0.0109966, 0.0175346]","[0.997775, 0.998108]","[0.168687, 0.188979]"
o1_xfer_Lt4_Le32,0,O1-transfer,d1_L4,32,32,1,0.1,0.6,True,200,198,0,2,0.99,1150,5.808080808080808,289.495,0.033447952110437454,0.9952622728154712,0.2329183380004541
o1_xfer_Lt4_Le32,1,O1-transfer,d1_L4,32,32,1,0.1,0.6,True,200,200,0,0,1.0,451,2.255,124.325,0.011223355619863476,0.9983061055484453,0.16483933122008826
o1_xfer_Lt4_Le32,mean,O1-transfer,d1_L4,32,32,1,0.1,0.6,True,200,199.0,0.0,1.0,0.995,800.5,4.031540404040404,206.91,0.022335653865150466,0.9967841891819582,0.19887883461027117
o1_xfer_Lt4_Le32,range,O1-transfer,d1_L4,32,32,1,0.1,0.6,True,200,"[198, 200]","[0, 0]","[0, 2]","[0.99, 1]","[451, 1150]","[2.255, 5.80808]","[124.325, 289.495]","[0.0112234, 0.033448]","[0.995262, 0.998306]","[0.164839, 0.232918]"
o1_xfer_Lt8_Le1,0,O1-transfer,d1_L8,1,1,1,0.1,0.6,True,56,0,0,56,0.0,7000,,6417.946428571428,0.0025637032055149172,0.9927686036643898,0.11739646138534049
o1_xfer_Lt8_Le1,1,O1-transfer,d1_L8,1,1,1,0.1,0.6,True,56,0,0,56,0.0,7000,,6314.071428571428,0.004109175344022254,0.9970870052151091,0.11579556199889708
o1_xfer_Lt8_Le1,mean,O1-transfer,d1_L8,1,1,1,0.1,0.6,True,56,0.0,0.0,56.0,0.0,7000.0,,6366.008928571428,0.0033364392747685856,0.9949278044397494,0.11659601169211878
o1_xfer_Lt8_Le1,range,O1-transfer,d1_L8,1,1,1,0.1,0.6,True,56,"[0, 0]","[0, 0]","[56, 56]","[0, 0]","[7000, 7000]",,"[6314.07, 6417.95]","[0.0025637, 0.00410918]","[0.992769, 0.997087]","[0.115796, 0.117396]"
o1_xfer_Lt8_Le2,0,O1-transfer,d1_L8,2,2,1,0.1,0.6,True,67,10,0,57,0.14925373134328357,8152,815.2,6850.417910447762,0.002934048354826988,0.9966846736952165,0.14411180272508434
o1_xfer_Lt8_Le2,1,O1-transfer,d1_L8,2,2,1,0.1,0.6,True,73,16,0,57,0.2191780821917808,8087,505.4375,6181.821917808219,0.005782001777074665,0.99657743633367,0.1380195086691902
o1_xfer_Lt8_Le2,mean,O1-transfer,d1_L8,2,2,1,0.1,0.6,True,67,13.0,0.0,57.0,0.1842159067675322,8119.5,660.31875,6516.11991412799,0.004358025065950826,0.9966310550144433,0.14106565569713725
o1_xfer_Lt8_Le2,range,O1-transfer,d1_L8,2,2,1,0.1,0.6,True,67,"[10, 16]","[0, 0]","[57, 57]","[0.149254, 0.219178]","[8087, 8152]","[505.438, 815.2]","[6181.82, 6850.42]","[0.00293405, 0.005782]","[0.996577, 0.996685]","[0.13802, 0.144112]"
o1_xfer_Lt8_Le4,0,O1-transfer,d1_L8,4,4,1,0.1,0.6,True,125,71,0,54,0.568,9021,127.05633802816901,4598.144,0.0038822817375244573,0.9969294076554541,0.16464901603836374
o1_xfer_Lt8_Le4,1,O1-transfer,d1_L8,4,4,1,0.1,0.6,True,200,164,0,36,0.82,10009,61.03048780487805,3246.175,0.007441352794921434,0.9973510544309147,0.1687348415724992
o1_xfer_Lt8_Le4,mean,O1-transfer,d1_L8,4,4,1,0.1,0.6,True,125,117.5,0.0,45.0,0.694,9515.0,94.04341291652352,3922.1595,0.005661817266222946,0.9971402310431844,0.1666919288054315
o1_xfer_Lt8_Le4,range,O1-transfer,d1_L8,4,4,1,0.1,0.6,True,125,"[71, 164]","[0, 0]","[36, 54]","[0.568, 0.82]","[9021, 10009]","[61.0305, 127.056]","[3246.18, 4598.14]","[0.00388228, 0.00744135]","[0.996929, 0.997351]","[0.164649, 0.168735]"
o1_xfer_Lt8_Le8,0,O1-transfer,d1_L8,8,8,1,0.1,0.6,True,200,190,0,10,0.95,4156,21.873684210526317,1273.745,0.003617635954996713,0.9984525976481043,0.16396739624419276
o1_xfer_Lt8_Le8,1,O1-transfer,d1_L8,8,8,1,0.1,0.6,True,200,200,0,0,1.0,1521,7.605,497.88,0.00648966826432343,0.9972378677518603,0.1878191195909345
o1_xfer_Lt8_Le8,mean,O1-transfer,d1_L8,8,8,1,0.1,0.6,True,200,195.0,0.0,5.0,0.975,2838.5,14.739342105263159,885.8125,0.0050536521096600714,0.9978452326999823,0.17589325791756363
o1_xfer_Lt8_Le8,range,O1-transfer,d1_L8,8,8,1,0.1,0.6,True,200,"[190, 200]","[0, 0]","[0, 10]","[0.95, 1]","[1521, 4156]","[7.605, 21.8737]","[497.88, 1273.74]","[0.00361764, 0.00648967]","[0.997238, 0.998453]","[0.163967, 0.187819]"
o1_xfer_Lt8_Le16,0,O1-transfer,d1_L8,16,16,1,0.1,0.6,True,200,200,0,0,1.0,772,3.86,213.46,0.003450703697833867,0.9987442819983855,0.16141658089674268
o1_xfer_Lt8_Le16,1,O1-transfer,d1_L8,16,16,1,0.1,0.6,True,200,200,0,0,1.0,451,2.255,140.75,0.005408125531458262,0.9977293218018499,0.18912195862976935
o1_xfer_Lt8_Le16,mean,O1-transfer,d1_L8,16,16,1,0.1,0.6,True,200,200.0,0.0,0.0,1.0,611.5,3.0575,177.10500000000002,0.0044294146146460645,0.9982368019001178,0.17526926976325602
o1_xfer_Lt8_Le16,range,O1-transfer,d1_L8,16,16,1,0.1,0.6,True,200,"[200, 200]","[0, 0]","[0, 0]","[1, 1]","[451, 772]","[2.255, 3.86]","[140.75, 213.46]","[0.0034507, 0.00540813]","[0.997729, 0.998744]","[0.161417, 0.189122]"
o1_xfer_Lt8_Le32,0,O1-transfer,d1_L8,32,32,1,0.1,0.6,True,200,200,0,0,1.0,730,3.65,138.94,0.007072604742407435,0.9988883648858048,0.15579373210392203
o1_xfer_Lt8_Le32,1,O1-transfer,d1_L8,32,32,1,0.1,0.6,True,200,200,0,0,1.0,280,1.4,79.045,0.00622714124949447,0.998013959030812,0.1754326467507855
o1_xfer_Lt8_Le32,mean,O1-transfer,d1_L8,32,32,1,0.1,0.6,True,200,200.0,0.0,0.0,1.0,505.0,2.525,108.9925,0.006649872995950952,0.9984511619583084,0.16561318942735376
o1_xfer_Lt8_Le32,range,O1-transfer,d1_L8,32,32,1,0.1,0.6,True,200,"[200, 200]","[0, 0]","[0, 0]","[1, 1]","[280, 730]","[1.4, 3.65]","[79.045, 138.94]","[0.00622714, 0.0070726]","[0.998014, 0.998888]","[0.155794, 0.175433]"
o1_xfer_Lt16_Le1,0,O1-transfer,d1_L16,1,1,1,0.1,0.6,True,56,0,0,56,0.0,7000,,10701.285714285714,0.0007508344927139608,0.9663041156603346,0.21367818772481117
o1_xfer_Lt16_Le1,1,O1-transfer,d1_L16,1,1,1,0.1,0.6,True,56,0,0,56,0.0,7000,,11757.232142857143,0.001221021454510789,0.9637912834805324,0.24180315999975613
o1_xfer_Lt16_Le1,mean,O1-transfer,d1_L16,1,1,1,0.1,0.6,True,56,0.0,0.0,56.0,0.0,7000.0,,11229.258928571428,0.000985927973612375,0.9650476995704336,0.22774067386228364
o1_xfer_Lt16_Le1,range,O1-transfer,d1_L16,1,1,1,0.1,0.6,True,56,"[0, 0]","[0, 0]","[56, 56]","[0, 0]","[7000, 7000]",,"[10701.3, 11757.2]","[0.000750834, 0.00122102]","[0.963791, 0.966304]","[0.213678, 0.241803]"
o1_xfer_Lt16_Le2,0,O1-transfer,d1_L16,2,2,1,0.1,0.6,True,56,0,0,56,0.0,7000,,10581.05357142857,0.0015328503220203304,0.9679396630432765,0.21524983102155307
o1_xfer_Lt16_Le2,1,O1-transfer,d1_L16,2,2,1,0.1,0.6,True,56,0,0,56,0.0,7000,,9723.07142857143,0.002874606602569648,0.9800254181879624,0.1944956750065972
o1_xfer_Lt16_Le2,mean,O1-transfer,d1_L16,2,2,1,0.1,0.6,True,56,0.0,0.0,56.0,0.0,7000.0,,10152.0625,0.002203728462294989,0.9739825406156195,0.20487275301407515
o1_xfer_Lt16_Le2,range,O1-transfer,d1_L16,2,2,1,0.1,0.6,True,56,"[0, 0]","[0, 0]","[56, 56]","[0, 0]","[7000, 7000]",,"[9723.07, 10581.1]","[0.00153285, 0.00287461]","[0.96794, 0.980025]","[0.194496, 0.21525]"
o1_xfer_Lt16_Le4,0,O1-transfer,d1_L16,4,4,1,0.1,0.6,True,80,23,0,57,0.2875,8319,361.69565217391306,7328.3,0.004306180103160795,0.9867029890998605,0.1846032451755172
o1_xfer_Lt16_Le4,1,O1-transfer,d1_L16,4,4,1,0.1,0.6,True,97,42,0,55,0.4329896907216495,8407,200.16666666666666,6053.59793814433,0.005716899381082348,0.9934846270208462,0.18305082620207266
o1_xfer_Lt16_Le4,mean,O1-transfer,d1_L16,4,4,1,0.1,0.6,True,80,32.5,0.0,56.0,0.36024484536082474,8363.0,280.9311594202899,6690.948969072166,0.005011539742121571,0.9900938080603534,0.18382703568879494
o1_xfer_Lt16_Le4,range,O1-transfer,d1_L16,4,4,1,0.1,0.6,True,80,"[23, 42]","[0, 0]","[55, 57]","[0.2875, 0.43299]","[8319, 8407]","[200.167, 361.696]","[6053.6, 7328.3]","[0.00430618, 0.0057169]","[0.986703, 0.993485]","[0.183051, 0.184603]"
o1_xfer_Lt16_Le8,0,O1-transfer,d1_L16,8,8,1,0.1,0.6,True,141,88,0,53,0.624113475177305,9515,108.125,4703.439716312057,0.005218370993401924,0.9949414198350541,0.18584606108703092
o1_xfer_Lt16_Le8,1,O1-transfer,d1_L16,8,8,1,0.1,0.6,True,200,181,0,19,0.905,6432,35.53591160220994,2269.62,0.006427071360187679,0.9957450075120357,0.1931155669025198
o1_xfer_Lt16_Le8,mean,O1-transfer,d1_L16,8,8,1,0.1,0.6,True,141,134.5,0.0,36.0,0.7645567375886525,7973.5,71.83045580110497,3486.5298581560282,0.005822721176794801,0.995343213673545,0.18948081399477534
o1_xfer_Lt16_Le8,range,O1-transfer,d1_L16,8,8,1,0.1,0.6,True,141,"[88, 181]","[0, 0]","[19, 53]","[0.624113, 0.905]","[6432, 9515]","[35.5359, 108.125]","[2269.62, 4703.44]","[0.00521837, 0.00642707]","[0.994941, 0.995745]","[0.185846, 0.193116]"
o1_xfer_Lt16_Le16,0,O1-transfer,d1_L16,16,16,1,0.1,0.6,True,200,197,0,3,0.985,3086,15.66497461928934,1031.54,0.005657315714033307,0.9970619299087854,0.17875598613248503
o1_xfer_Lt16_Le16,1,O1-transfer,d1_L16,16,16,1,0.1,0.6,True,200,200,0,0,1.0,1286,6.43,427.1,0.005915293153571887,0.9977887006038108,0.18545824708457914
o1_xfer_Lt16_Le16,mean,O1-transfer,d1_L16,16,16,1,0.1,0.6,True,200,198.5,0.0,1.5,0.9924999999999999,2186.0,11.04748730964467,729.3199999999999,0.005786304433802597,0.9974253152562981,0.18210711660853207
o1_xfer_Lt16_Le16,range,O1-transfer,d1_L16,16,16,1,0.1,0.6,True,200,"[197, 200]","[0, 0]","[0, 3]","[0.985, 1]","[1286, 3086]","[6.43, 15.665]","[427.1, 1031.54]","[0.00565732, 0.00591529]","[0.997062, 0.997789]","[0.178756, 0.185458]"
o1_xfer_Lt16_Le32,0,O1-transfer,d1_L16,32,32,1,0.1,0.6,True,200,200,0,0,1.0,1119,5.595,302.715,0.008083285150765717,0.9976003349867938,0.17289040105616013
o1_xfer_Lt16_Le32,1,O1-transfer,d1_L16,32,32,1,0.1,0.6,True,200,200,0,0,1.0,482,2.41,148.68,0.006039834528903182,0.9979555981472609,0.17455998211990836
o1_xfer_Lt16_Le32,mean,O1-transfer,d1_L16,32,32,1,0.1,0.6,True,200,200.0,0.0,0.0,1.0,800.5,4.0024999999999995,225.6975,0.007061559839834449,0.9977779665670273,0.17372519158803423
o1_xfer_Lt16_Le32,range,O1-transfer,d1_L16,32,32,1,0.1,0.6,True,200,"[200, 200]","[0, 0]","[0, 0]","[1, 1]","[482, 1119]","[2.41, 5.595]","[148.68, 302.715]","[0.00603983, 0.00808329]","[0.9976, 0.997956]","[0.17289, 0.17456]"
o1_xfer_Lt32_Le1,0,O1-transfer,d1_L32,1,1,1,0.1,0.6,True,56,0,0,56,0.0,7000,,13792.714285714286,0.0012791989796020818,0.9493508477560617,0.2951615422267162
o1_xfer_Lt32_Le1,1,O1-transfer,d1_L32,1,1,1,0.1,0.6,True,56,0,0,56,0.0,7000,,15500.214285714286,0.0013816782988082662,0.938844163444745,0.3430267651864841
o1_xfer_Lt32_Le1,mean,O1-transfer,d1_L32,1,1,1,0.1,0.6,True,56,0.0,0.0,56.0,0.0,7000.0,,14646.464285714286,0.001330438639205174,0.9440975056004033,0.31909415370660016
o1_xfer_Lt32_Le1,range,O1-transfer,d1_L32,1,1,1,0.1,0.6,True,56,"[0, 0]","[0, 0]","[56, 56]","[0, 0]","[7000, 7000]",,"[13792.7, 15500.2]","[0.0012792, 0.00138168]","[0.938844, 0.949351]","[0.295162, 0.343027]"
o1_xfer_Lt32_Le2,0,O1-transfer,d1_L32,2,2,1,0.1,0.6,True,56,0,0,56,0.0,7000,,11183.94642857143,0.0019518607657904035,0.9619991026678866,0.2283538876758464
o1_xfer_Lt32_Le2,1,O1-transfer,d1_L32,2,2,1,0.1,0.6,True,56,0,0,56,0.0,7000,,9582.142857142857,0.003548174343741457,0.9759970182631382,0.1883955370992296
o1_xfer_Lt32_Le2,mean,O1-transfer,d1_L32,2,2,1,0.1,0.6,True,56,0.0,0.0,56.0,0.0,7000.0,,10383.044642857143,0.0027500175547659302,0.9689980604655124,0.20837471238753802
o1_xfer_Lt32_Le2,range,O1-transfer,d1_L32,2,2,1,0.1,0.6,True,56,"[0, 0]","[0, 0]","[56, 56]","[0, 0]","[7000, 7000]",,"[9582.14, 11183.9]","[0.00195186, 0.00354817]","[0.961999, 0.975997]","[0.188396, 0.228354]"
o1_xfer_Lt32_Le4,0,O1-transfer,d1_L32,4,4,1,0.1,0.6,True,57,1,0,56,0.017543859649122806,7164,7164.0,12734.59649122807,0.0023597652603427376,0.9543595388288324,0.2676074401219753
o1_xfer_Lt32_Le4,1,O1-transfer,d1_L32,4,4,1,0.1,0.6,True,73,16,0,57,0.2191780821917808,8098,506.125,8140.7945205479455,0.005677015111970608,0.9867916180940702,0.18447457424578098
o1_xfer_Lt32_Le4,mean,O1-transfer,d1_L32,4,4,1,0.1,0.6,True,57,8.5,0.0,56.5,0.11836097092045181,7631.0,3835.0625,10437.695505888008,0.004018390186156673,0.9705755784614514,0.22604100718387815
o1_xfer_Lt32_Le4,range,O1-transfer,d1_L32,4,4,1,0.1,0.6,True,57,"[1, 16]","[0, 0]","[56, 57]","[0.0175439, 0.219178]","[7164, 8098]","[506.125, 7164]","[8140.79, 12734.6]","[0.00235977, 0.00567702]","[0.95436, 0.986792]","[0.184475, 0.267607]"
o1_xfer_Lt32_Le8,0,O1-transfer,d1_L32,8,8,1,0.1,0.6,True,81,25,0,56,0.30864197530864196,8111,324.44,8195.62962962963,0.004045166258514285,0.9747167965074706,0.22394961790766835
o1_xfer_Lt32_Le8,1,O1-transfer,d1_L32,8,8,1,0.1,0.6,True,133,79,0,54,0.5939849624060151,9572,121.16455696202532,5178.12030075188,0.007529887652540865,0.9909781610878995,0.1889979123404246
o1_xfer_Lt32_Le8,mean,O1-transfer,d1_L32,8,8,1,0.1,0.6,True,81,52.0,0.0,55.0,0.4513134688573285,8841.5,222.80227848101265,6686.874965190755,0.005787526955527575,0.9828474787976851,0.20647376512404647
o1_xfer_Lt32_Le8,range,O1-transfer,d1_L32,8,8,1,0.1,0.6,True,81,"[25, 79]","[0, 0]","[54, 56]","[0.308642, 0.593985]","[8111, 9572]","[121.165, 324.44]","[5178.12, 8195.63]","[0.00404517, 0.00752989]","[0.974717, 0.990978]","[0.188998, 0.22395]"
o1_xfer_Lt32_Le16,0,O1-transfer,d1_L32,16,16,1,0.1,0.6,True,200,171,0,29,0.855,9144,53.473684210526315,3443.82,0.007280713707460774,0.9911208385263545,0.19683419542699868
o1_xfer_Lt32_Le16,1,O1-transfer,d1_L32,16,16,1,0.1,0.6,True,200,195,0,5,0.975,4843,24.835897435897436,1617.095,0.008803294113901967,0.9928214453560557,0.19051425102192987
o1_xfer_Lt32_Le16,mean,O1-transfer,d1_L32,16,16,1,0.1,0.6,True,200,183.0,0.0,17.0,0.915,6993.5,39.154790823211876,2530.4575,0.008042003910681371,0.9919711419412051,0.19367422322446426
o1_xfer_Lt32_Le16,range,O1-transfer,d1_L32,16,16,1,0.1,0.6,True,200,"[171, 195]","[0, 0]","[5, 29]","[0.855, 0.975]","[4843, 9144]","[24.8359, 53.4737]","[1617.1, 3443.82]","[0.00728071, 0.00880329]","[0.991121, 0.992821]","[0.190514, 0.196834]"
o1_xfer_Lt32_Le32,0,O1-transfer,d1_L32,32,32,1,0.1,0.6,True,200,198,0,2,0.99,2820,14.242424242424242,990.25,0.009354256002589633,0.9923175864709445,0.19567712563692868
o1_xfer_Lt32_Le32,1,O1-transfer,d1_L32,32,32,1,0.1,0.6,True,200,200,0,0,1.0,2156,10.78,655.19,0.009295774691926651,0.9943304332091859,0.1880944536909076
o1_xfer_Lt32_Le32,mean,O1-transfer,d1_L32,32,32,1,0.1,0.6,True,200,199.0,0.0,1.0,0.995,2488.0,12.511212121212122,822.72,0.009325015347258141,0.9933240098400652,0.19188578966391814
o1_xfer_Lt32_Le32,range,O1-transfer,d1_L32,32,32,1,0.1,0.6,True,200,"[198, 200]","[0, 0]","[0, 2]","[0.99, 1]","[2156, 2820]","[10.78, 14.2424]","[655.19, 990.25]","[0.00929577, 0.00935426]","[0.992318, 0.99433]","[0.188094, 0.195677]"
o1_d2fo_Le1,0,O1-transfer-d2,d2_final_only,1,1,1,0.1,0.6,True,56,0,0,56,0.0,7000,,8039.071428571428,0.004147546065567291,0.9947732947124313,0.1497519989058726
o1_d2fo_Le1,1,O1-transfer-d2,d2_final_only,1,1,1,0.1,0.6,True,56,0,0,56,0.0,7000,,1683.8214285714287,0.01609491843152599,1.0,0.02725335731858456
o1_d2fo_Le1,mean,O1-transfer-d2,d2_final_only,1,1,1,0.1,0.6,True,56,0.0,0.0,56.0,0.0,7000.0,,4861.446428571428,0.010121232248546639,0.9973866473562156,0.08850267811222857
o1_d2fo_Le1,range,O1-transfer-d2,d2_final_only,1,1,1,0.1,0.6,True,56,"[0, 0]","[0, 0]","[56, 56]","[0, 0]","[7000, 7000]",,"[1683.82, 8039.07]","[0.00414755, 0.0160949]","[0.994773, 1]","[0.0272534, 0.149752]"
o1_d2fo_Le2,0,O1-transfer-d2,d2_final_only,2,2,1,0.1,0.6,True,56,0,0,56,0.0,7000,,10268.267857142857,0.003153297441520518,0.9732097672614834,0.2026135437511337
o1_d2fo_Le2,1,O1-transfer-d2,d2_final_only,2,2,1,0.1,0.6,True,56,0,0,56,0.0,7000,,5288.75,0.006664775506452427,0.9993449707938009,0.09370560693072473
o1_d2fo_Le2,mean,O1-transfer-d2,d2_final_only,2,2,1,0.1,0.6,True,56,0.0,0.0,56.0,0.0,7000.0,,7778.508928571428,0.004909036473986473,0.9862773690276422,0.14815957534092922
o1_d2fo_Le2,range,O1-transfer-d2,d2_final_only,2,2,1,0.1,0.6,True,56,"[0, 0]","[0, 0]","[56, 56]","[0, 0]","[7000, 7000]",,"[5288.75, 10268.3]","[0.0031533, 0.00666478]","[0.97321, 0.999345]","[0.0937056, 0.202614]"
o1_d2fo_Le4,0,O1-transfer-d2,d2_final_only,4,4,1,0.1,0.6,True,56,0,0,56,0.0,7000,,14157.232142857143,0.0021611228755258104,0.9336911346421882,0.3111887715014674
o1_d2fo_Le4,1,O1-transfer-d2,d2_final_only,4,4,1,0.1,0.6,True,57,1,0,56,0.017543859649122806,7970,7970.0,10670.59649122807,0.004217153777961063,0.9664112850190714,0.2170096009793693
o1_d2fo_Le4,mean,O1-transfer-d2,d2_final_only,4,4,1,0.1,0.6,True,56,0.5,0.0,56.0,0.008771929824561403,7485.0,7970.0,12413.914317042607,0.0031891383267434368,0.9500512098306297,0.26409918624041834
o1_d2fo_Le4,range,O1-transfer-d2,d2_final_only,4,4,1,0.1,0.6,True,56,"[0, 1]","[0, 0]","[56, 56]","[0, 0.0175439]","[7000, 7970]","[7970, 7970]","[10670.6, 14157.2]","[0.00216112, 0.00421715]","[0.933691, 0.966411]","[0.21701, 0.311189]"
o1_d2fo_Le8,0,O1-transfer-d2,d2_final_only,8,8,1,0.1,0.6,True,95,38,0,57,0.4,8694,228.78947368421052,7774.115789473684,0.004068458541307983,0.9728297566870138,0.23545825945186116
o1_d2fo_Le8,1,O1-transfer-d2,d2_final_only,8,8,1,0.1,0.6,True,97,41,0,56,0.422680412371134,8225,200.609756097561,6812.556701030928,0.006085778632684507,0.977521718420396,0.21584888574573946
o1_d2fo_Le8,mean,O1-transfer-d2,d2_final_only,8,8,1,0.1,0.6,True,95,39.5,0.0,56.5,0.411340206185567,8459.5,214.69961489088575,7293.336245252306,0.005077118586996245,0.9751757375537049,0.2256535725988003
o1_d2fo_Le8,range,O1-transfer-d2,d2_final_only,8,8,1,0.1,0.6,True,95,"[38, 41]","[0, 0]","[56, 57]","[0.4, 0.42268]","[8225, 8694]","[200.61, 228.789]","[6812.56, 7774.12]","[0.00406846, 0.00608578]","[0.97283, 0.977522]","[0.215849, 0.235458]"
o1_d2fo_Le16,0,O1-transfer-d2,d2_final_only,16,16,1,0.1,0.6,True,200,189,0,11,0.945,5835,30.873015873015873,2085.77,0.010863795190612568,0.985333152084481,0.19802361254830614
o1_d2fo_Le16,1,O1-transfer-d2,d2_final_only,16,16,1,0.1,0.6,True,200,194,0,6,0.97,4104,21.15463917525773,1461.005,0.013589858427362503,0.9905008224690385,0.17963627846486213
o1_d2fo_Le16,mean,O1-transfer-d2,d2_final_only,16,16,1,0.1,0.6,True,200,191.5,0.0,8.5,0.9575,4969.5,26.0138275241368,1773.3875,0.012226826808987536,0.9879169872767597,0.18882994550658413
o1_d2fo_Le16,range,O1-transfer-d2,d2_final_only,16,16,1,0.1,0.6,True,200,"[189, 194]","[0, 0]","[6, 11]","[0.945, 0.97]","[4104, 5835]","[21.1546, 30.873]","[1461.01, 2085.77]","[0.0108638, 0.0135899]","[0.985333, 0.990501]","[0.179636, 0.198024]"
o1_d2fo_Le32,0,O1-transfer-d2,d2_final_only,32,32,1,0.1,0.6,True,200,200,0,0,1.0,1441,7.205,463.275,0.02154606005118619,0.9906062203479178,0.1961099028623668
o1_d2fo_Le32,1,O1-transfer-d2,d2_final_only,32,32,1,0.1,0.6,True,200,200,0,0,1.0,1273,6.365,370.78,0.023339988800644442,0.9936566723139356,0.17734669098171216
o1_d2fo_Le32,mean,O1-transfer-d2,d2_final_only,32,32,1,0.1,0.6,True,200,200.0,0.0,0.0,1.0,1357.0,6.785,417.0275,0.022443024425915316,0.9921314463309268,0.18672829692203946
o1_d2fo_Le32,range,O1-transfer-d2,d2_final_only,32,32,1,0.1,0.6,True,200,"[200, 200]","[0, 0]","[0, 0]","[1, 1]","[1273, 1441]","[6.365, 7.205]","[370.78, 463.275]","[0.0215461, 0.02334]","[0.990606, 0.993657]","[0.177347, 0.19611]"
o3_d2,0,O3,baseline,16,0,2,0.1,0.6,True,200,200,0,0,1.0,3414,17.07,470.43,0.013674258830383122,0.997789917017639,0.16239713592480107
o3_d2,1,O3,baseline,16,0,2,0.1,0.6,True,200,200,0,0,1.0,1776,8.88,305.685,0.012318198641501231,0.9961438364859718,0.194563516047546
o3_d2,mean,O3,baseline,16,0,2,0.1,0.6,True,200,200.0,0.0,0.0,1.0,2595.0,12.975000000000001,388.0575,0.012996228735942177,0.9969668767518054,0.17848032598617353
o3_d2,range,O3,baseline,16,0,2,0.1,0.6,True,200,"[200, 200]","[0, 0]","[0, 0]","[1, 1]","[1776, 3414]","[8.88, 17.07]","[305.685, 470.43]","[0.0123182, 0.0136743]","[0.996144, 0.99779]","[0.162397, 0.194564]"
o3_d4,0,O3,baseline,16,0,4,0.1,0.6,True,200,200,0,0,1.0,4936,24.68,357.725,0.019800381911188495,0.9985124530876834,0.163629979670933
o3_d4,1,O3,baseline,16,0,4,0.1,0.6,True,200,200,0,0,1.0,3792,18.96,255.55,0.0192042666431457,0.99743381700851,0.19068180260514175
o3_d4,mean,O3,baseline,16,0,4,0.1,0.6,True,200,200.0,0.0,0.0,1.0,4364.0,21.82,306.63750000000005,0.019502324277167096,0.9979731350480967,0.17715589113803737
o3_d4,range,O3,baseline,16,0,4,0.1,0.6,True,200,"[200, 200]","[0, 0]","[0, 0]","[1, 1]","[3792, 4936]","[18.96, 24.68]","[255.55, 357.725]","[0.0192043, 0.0198004]","[0.997434, 0.998512]","[0.16363, 0.190682]"
o3_fix,0,O3,baseline,16,0,0,0.1,0.6,True,200,197,3,0,0.985,6992,35.49238578680203,131.71,0.03250732378679294,0.9991540955871987,0.1806145788866731
o3_fix,1,O3,baseline,16,0,0,0.1,0.6,True,200,199,0,1,0.995,16000,80.40201005025126,211.82,0.03663822183984298,0.9991012649695553,0.18628744747613124
o3_fix,mean,O3,baseline,16,0,0,0.1,0.6,True,200,198.0,1.5,0.5,0.99,11496.0,57.94719791852665,171.765,0.034572772813317956,0.9991276802783771,0.18345101318140217
o3_fix,range,O3,baseline,16,0,0,0.1,0.6,True,200,"[197, 199]","[0, 3]","[0, 1]","[0.985, 0.995]","[6992, 16000]","[35.4924, 80.402]","[131.71, 211.82]","[0.0325073, 0.0366382]","[0.999101, 0.999154]","[0.180615, 0.186287]"
o3_d4_noaug,0,O3,baseline,16,0,4,0.1,0.6,False,200,199,0,1,0.995,5516,27.718592964824122,420.755,0.014303206944801299,0.9984048065391288,0.15604566391200617
o3_d4_noaug,1,O3,baseline,16,0,4,0.1,0.6,False,200,199,0,1,0.995,6564,32.984924623115575,427.855,0.016452773561847656,0.9980336340044129,0.1912212452960787
o3_d4_noaug,mean,O3,baseline,16,0,4,0.1,0.6,False,200,199.0,0.0,1.0,0.995,6040.0,30.35175879396985,424.305,0.015377990253324477,0.9982192202717708,0.17363345460404245
o3_d4_noaug,range,O3,baseline,16,0,4,0.1,0.6,False,200,"[199, 199]","[0, 0]","[1, 1]","[0.995, 0.995]","[5516, 6564]","[27.7186, 32.9849]","[420.755, 427.855]","[0.0143032, 0.0164528]","[0.998034, 0.998405]","[0.156046, 0.191221]"
o4_elim_base_002,0,O4-elim-baseline,baseline,16,0,1,0.02,0.6,True,200,191,0,9,0.955,5057,26.476439790575917,1504.5,0.0002905106660209202,0.9978949803377284,0.16876590355675206
o4_elim_base_002,1,O4-elim-baseline,baseline,16,0,1,0.02,0.6,True,200,184,0,16,0.92,5685,30.89673913043478,2231.19,0.0003016621544941745,0.993031685519655,0.22951707658307385
o4_elim_base_002,mean,O4-elim-baseline,baseline,16,0,1,0.02,0.6,True,200,187.5,0.0,12.5,0.9375,5371.0,28.68658946050535,1867.845,0.0002960864102575474,0.9954633329286917,0.19914149006991294
o4_elim_base_002,range,O4-elim-baseline,baseline,16,0,1,0.02,0.6,True,200,"[184, 191]","[0, 0]","[9, 16]","[0.92, 0.955]","[5057, 5685]","[26.4764, 30.8967]","[1504.5, 2231.19]","[0.000290511, 0.000301662]","[0.993032, 0.997895]","[0.168766, 0.229517]"
o4_elim_base_005,0,O4-elim-baseline,baseline,16,0,1,0.05,0.6,True,200,197,0,3,0.985,2878,14.609137055837563,918.895,0.0022641504304940514,0.998167471541911,0.16456381206264578
o4_elim_base_005,1,O4-elim-baseline,baseline,16,0,1,0.05,0.6,True,200,194,0,6,0.97,3658,18.855670103092784,1308.955,0.0021814589413109127,0.9955153547877951,0.20704746047590677
o4_elim_base_005,mean,O4-elim-baseline,baseline,16,0,1,0.05,0.6,True,200,195.5,0.0,4.5,0.9775,3268.0,16.732403579465174,1113.925,0.002222804685902482,0.9968414131648531,0.18580563626927626
o4_elim_base_005,range,O4-elim-baseline,baseline,16,0,1,0.05,0.6,True,200,"[194, 197]","[0, 0]","[3, 6]","[0.97, 0.985]","[2878, 3658]","[14.6091, 18.8557]","[918.895, 1308.95]","[0.00218146, 0.00226415]","[0.995515, 0.998167]","[0.164564, 0.207047]"
o4_elim_base_01,0,O4-elim-baseline,baseline,16,0,1,0.1,0.6,True,200,199,0,1,0.995,2392,12.020100502512562,675.43,0.008819306168875489,0.9984377053249427,0.16290485305521046
o4_elim_base_01,1,O4-elim-baseline,baseline,16,0,1,0.1,0.6,True,200,200,0,0,1.0,1875,9.375,686.375,0.007945087466772114,0.9964288280520227,0.20046200527056074
o4_elim_base_01,mean,O4-elim-baseline,baseline,16,0,1,0.1,0.6,True,200,199.5,0.0,0.5,0.9975,2133.5,10.697550251256281,680.9024999999999,0.008382196817823801,0.9974332666884826,0.1816834291628856
o4_elim_base_01,range,O4-elim-baseline,baseline,16,0,1,0.1,0.6,True,200,"[199, 200]","[0, 0]","[0, 1]","[0.995, 1]","[1875, 2392]","[9.375, 12.0201]","[675.43, 686.375]","[0.00794509, 0.00881931]","[0.996429, 0.998438]","[0.162905, 0.200462]"
o4_elim_base_02,0,O4-elim-baseline,baseline,16,0,1,0.2,0.6,True,200,199,0,1,0.995,1942,9.758793969849247,555.985,0.026668044536949702,0.9990207408845092,0.15883234939750587
o4_elim_base_02,1,O4-elim-baseline,baseline,16,0,1,0.2,0.6,True,200,197,0,3,0.985,1796,9.116751269035532,458.99,0.024426075065034965,0.9982953697982144,0.1793020572414862
o4_elim_base_02,mean,O4-elim-baseline,baseline,16,0,1,0.2,0.6,True,200,198.0,0.0,2.0,0.99,1869.0,9.43777261944239,507.4875,0.025547059800992332,0.9986580553413618,0.16906720331949604
o4_elim_base_02,range,O4-elim-baseline,baseline,16,0,1,0.2,0.6,True,200,"[197, 199]","[0, 0]","[1, 3]","[0.985, 0.995]","[1796, 1942]","[9.11675, 9.75879]","[458.99, 555.985]","[0.0244261, 0.026668]","[0.998295, 0.999021]","[0.158832, 0.179302]"
o4_elim_base_03,0,O4-elim-baseline,baseline,16,0,1,0.3,0.6,True,200,192,3,5,0.96,2626,13.677083333333334,844.205,0.04357568661956688,0.9995213774989056,0.16900970574824273
o4_elim_base_03,1,O4-elim-baseline,baseline,16,0,1,0.3,0.6,True,200,194,0,6,0.97,2313,11.922680412371134,767.37,0.04051044515543249,0.9996085301913068,0.17891524263402678
o4_elim_base_03,mean,O4-elim-baseline,baseline,16,0,1,0.3,0.6,True,200,193.0,1.5,5.5,0.965,2469.5,12.799881872852234,805.7875,0.04204306588749969,0.9995649538451061,0.17396247419113475
o4_elim_base_03,range,O4-elim-baseline,baseline,16,0,1,0.3,0.6,True,200,"[192, 194]","[0, 3]","[5, 6]","[0.96, 0.97]","[2313, 2626]","[11.9227, 13.6771]","[767.37, 844.205]","[0.0405104, 0.0435757]","[0.999521, 0.999609]","[0.16901, 0.178915]"
o4_elim_base_05,0,O4-elim-baseline,baseline,16,0,1,0.5,0.6,True,200,146,29,25,0.73,5299,36.294520547945204,3127.655,0.059835311852908135,0.9999681951545318,0.25053777878535904
o4_elim_base_05,1,O4-elim-baseline,baseline,16,0,1,0.5,0.6,True,200,163,0,37,0.815,6609,40.54601226993865,4126.46,0.05735520071964505,0.9999794721938791,0.2597690044354662
o4_elim_base_05,mean,O4-elim-baseline,baseline,16,0,1,0.5,0.6,True,200,154.5,14.5,31.0,0.7725,5954.0,38.42026640894193,3627.0575,0.05859525628627659,0.9999738336742054,0.2551533916104126
o4_elim_base_05,range,O4-elim-baseline,baseline,16,0,1,0.5,0.6,True,200,"[146, 163]","[0, 29]","[25, 37]","[0.73, 0.815]","[5299, 6609]","[36.2945, 40.546]","[3127.66, 4126.46]","[0.0573552, 0.0598353]","[0.999968, 0.999979]","[0.250538, 0.259769]"
o4_elim_sym_002,0,O4-elim-d4sym,d4_sym,16,0,1,0.02,0.6,True,77,20,0,57,0.2597402597402597,8000,400.0,23714.55844155844,0.001196094795794198,0.736426847340936,0.8169059758885129
o4_elim_sym_002,1,O4-elim-d4sym,d4_sym,16,0,1,0.02,0.6,True,77,20,0,57,0.2597402597402597,8000,400.0,23698.766233766233,0.0014480827161504764,0.7442051832717451,0.8549875754348598
o4_elim_sym_002,mean,O4-elim-d4sym,d4_sym,16,0,1,0.02,0.6,True,77,20.0,0.0,57.0,0.2597402597402597,8000.0,400.0,23706.66233766234,0.0013220887559723372,0.7403160153063406,0.8359467756616863
o4_elim_sym_002,range,O4-elim-d4sym,d4_sym,16,0,1,0.02,0.6,True,77,"[20, 20]","[0, 0]","[57, 57]","[0.25974, 0.25974]","[8000, 8000]","[400, 400]","[23698.8, 23714.6]","[0.00119609, 0.00144808]","[0.736427, 0.744205]","[0.816906, 0.854988]"
o4_elim_sym_005,0,O4-elim-d4sym,d4_sym,16,0,1,0.05,0.6,True,78,22,0,56,0.28205128205128205,7559,343.59090909090907,23205.03846153846,0.004482399476206418,0.8732344738077485,0.6424465532618611
o4_elim_sym_005,1,O4-elim-d4sym,d4_sym,16,0,1,0.05,0.6,True,77,20,0,57,0.2597402597402597,8000,400.0,23697.948051948053,0.005370868679653913,0.8856949070084311,0.6592649473243786
o4_elim_sym_005,mean,O4-elim-d4sym,d4_sym,16,0,1,0.05,0.6,True,78,21.0,0.0,56.5,0.2708957708957709,7779.5,371.7954545454545,23451.493256743255,0.004926634077930165,0.8794646904080898,0.6508557502931198
o4_elim_sym_005,range,O4-elim-d4sym,d4_sym,16,0,1,0.05,0.6,True,78,"[20, 22]","[0, 0]","[56, 57]","[0.25974, 0.282051]","[7559, 8000]","[343.591, 400]","[23205, 23697.9]","[0.0044824, 0.00537087]","[0.873234, 0.885695]","[0.642447, 0.659265]"
o4_elim_sym_01,0,O4-elim-d4sym,d4_sym,16,0,1,0.1,0.6,True,79,23,0,56,0.2911392405063291,7146,310.69565217391306,22744.113924050635,0.014679079766256655,0.9925890199337674,0.512905121171999
o4_elim_sym_01,1,O4-elim-d4sym,d4_sym,16,0,1,0.1,0.6,True,79,23,0,56,0.2911392405063291,7032,305.7391304347826,22706.683544303796,0.015611981537126023,0.9929220179242749,0.5150698973813126
o4_elim_sym_01,mean,O4-elim-d4sym,d4_sym,16,0,1,0.1,0.6,True,79,23.0,0.0,56.0,0.2911392405063291,7089.0,308.21739130434787,22725.398734177215,0.015145530651691339,0.9927555189290211,0.5139875092766558
o4_elim_sym_01,range,O4-elim-d4sym,d4_sym,16,0,1,0.1,0.6,True,79,"[23, 23]","[0, 0]","[56, 56]","[0.291139, 0.291139]","[7032, 7146]","[305.739, 310.696]","[22706.7, 22744.1]","[0.0146791, 0.015612]","[0.992589, 0.992922]","[0.512905, 0.51507]"
o4_elim_sym_02,0,O4-elim-d4sym,d4_sym,16,0,1,0.2,0.6,True,79,23,0,56,0.2911392405063291,7453,324.04347826086956,24013.493670886077,0.04336001023878069,1.0,0.5228103986933452
o4_elim_sym_02,1,O4-elim-d4sym,d4_sym,16,0,1,0.2,0.6,True,79,21,2,56,0.26582278481012656,7930,377.6190476190476,24231.481012658227,0.04381923293454846,1.0,0.5224916411912275
o4_elim_sym_02,mean,O4-elim-d4sym,d4_sym,16,0,1,0.2,0.6,True,79,22.0,1.0,56.0,0.27848101265822783,7691.5,350.8312629399586,24122.487341772154,0.04358962158666457,1.0,0.5226510199422864
o4_elim_sym_02,range,O4-elim-d4sym,d4_sym,16,0,1,0.2,0.6,True,79,"[21, 23]","[0, 2]","[56, 56]","[0.265823, 0.291139]","[7453, 7930]","[324.043, 377.619]","[24013.5, 24231.5]","[0.04336, 0.0438192]","[1, 1]","[0.522492, 0.52281]"
o4_elim_sym_03,0,O4-elim-d4sym,d4_sym,16,0,1,0.3,0.6,True,77,20,0,57,0.2597402597402597,8000,400.0,47312.25974025974,0.05775526921943249,1.0,0.9799323430976297
o4_elim_sym_03,1,O4-elim-d4sym,d4_sym,16,0,1,0.3,0.6,True,76,19,0,57,0.25,8000,421.05263157894734,47079.71052631579,0.058893367898865054,1.0,0.9804227294259341
o4_elim_sym_03,mean,O4-elim-d4sym,d4_sym,16,0,1,0.3,0.6,True,77,19.5,0.0,57.0,0.25487012987012986,8000.0,410.52631578947364,47195.98513328776,0.05832431855914877,1.0,0.980177536261782
o4_elim_sym_03,range,O4-elim-d4sym,d4_sym,16,0,1,0.3,0.6,True,77,"[19, 20]","[0, 0]","[57, 57]","[0.25, 0.25974]","[8000, 8000]","[400, 421.053]","[47079.7, 47312.3]","[0.0577553, 0.0588934]","[1, 1]","[0.979932, 0.980423]"
o4_elim_sym_05,0,O4-elim-d4sym,d4_sym,16,0,1,0.5,0.6,True,74,15,2,57,0.20270270270270271,8000,533.3333333333334,49401.86486486487,0.085985605420884,1.0,0.999996718310433
o4_elim_sym_05,1,O4-elim-d4sym,d4_sym,16,0,1,0.5,0.6,True,77,16,4,57,0.2077922077922078,8000,500.0,47730.66233766234,0.09042742657349258,1.0,0.9999964638368839
o4_elim_sym_05,mean,O4-elim-d4sym,d4_sym,16,0,1,0.5,0.6,True,74,15.5,3.0,57.0,0.20524745524745525,8000.0,516.6666666666667,48566.26360126361,0.08820651599718829,1.0,0.9999965910736585
o4_elim_sym_05,range,O4-elim-d4sym,d4_sym,16,0,1,0.5,0.6,True,74,"[15, 16]","[2, 4]","[57, 57]","[0.202703, 0.207792]","[8000, 8000]","[500, 533.333]","[47730.7, 49401.9]","[0.0859856, 0.0904274]","[1, 1]","[0.999996, 0.999997]"
o4_cls_base_05,0,O4-cls-baseline,baseline,16,0,1,0.1,0.5,True,97,40,0,57,0.41237113402061853,8002,200.05,14601.41237113402,0.000887412045407779,0.8393675695204976,0.5898324515996908
o4_cls_base_05,1,O4-cls-baseline,baseline,16,0,1,0.1,0.5,True,102,46,0,56,0.45098039215686275,8103,176.15217391304347,15126.049019607843,0.0008183419649732273,0.8056897091205205,0.658395470535452
o4_cls_base_05,mean,O4-cls-baseline,baseline,16,0,1,0.1,0.5,True,97,43.0,0.0,56.5,0.43167576308874067,8052.5,188.10108695652173,14863.73069537093,0.0008528770051905031,0.8225286393205091,0.6241139610675714
o4_cls_base_05,range,O4-cls-baseline,baseline,16,0,1,0.1,0.5,True,97,"[40, 46]","[0, 0]","[56, 57]","[0.412371, 0.45098]","[8002, 8103]","[176.152, 200.05]","[14601.4, 15126]","[0.000818342, 0.000887412]","[0.80569, 0.839368]","[0.589832, 0.658395]"
o4_cls_base_055,0,O4-cls-baseline,baseline,16,0,1,0.1,0.55,True,200,199,0,1,0.995,2965,14.899497487437186,1165.93,0.0054421749342333705,0.9876608735897686,0.2184420887347911
o4_cls_base_055,1,O4-cls-baseline,baseline,16,0,1,0.1,0.55,True,200,198,0,2,0.99,2936,14.828282828282829,1397.325,0.005246565208951115,0.983653914401306,0.2669092057647011
o4_cls_base_055,mean,O4-cls-baseline,baseline,16,0,1,0.1,0.55,True,200,198.5,0.0,1.5,0.9924999999999999,2950.5,14.863890157860007,1281.6275,0.005344370071592243,0.9856573939955373,0.2426756472497461
o4_cls_base_055,range,O4-cls-baseline,baseline,16,0,1,0.1,0.55,True,200,"[198, 199]","[0, 0]","[1, 2]","[0.99, 0.995]","[2936, 2965]","[14.8283, 14.8995]","[1165.93, 1397.33]","[0.00524657, 0.00544217]","[0.983654, 0.987661]","[0.218442, 0.266909]"
o4_cls_base_06,0,O4-cls-baseline,baseline,16,0,1,0.1,0.6,True,200,199,0,1,0.995,2400,12.06030150753769,666.485,0.009124137144112105,0.9985072310614178,0.16160986712819156
o4_cls_base_06,1,O4-cls-baseline,baseline,16,0,1,0.1,0.6,True,200,200,0,0,1.0,1867,9.335,618.295,0.008403506985642848,0.996703454206679,0.19615254428523074
o4_cls_base_06,mean,O4-cls-baseline,baseline,16,0,1,0.1,0.6,True,200,199.5,0.0,0.5,0.9975,2133.5,10.697650753768844,642.39,0.008763822064877476,0.9976053426340484,0.17888120570671115
o4_cls_base_06,range,O4-cls-baseline,baseline,16,0,1,0.1,0.6,True,200,"[199, 200]","[0, 0]","[0, 1]","[0.995, 1]","[1867, 2400]","[9.335, 12.0603]","[618.295, 666.485]","[0.00840351, 0.00912414]","[0.996703, 0.998507]","[0.16161, 0.196153]"
o4_cls_base_07,0,O4-cls-baseline,baseline,16,0,1,0.1,0.7,True,200,199,0,1,0.995,2614,13.135678391959798,640.28,0.011285010254244894,0.9996296924904723,0.14053411510274824
o4_cls_base_07,1,O4-cls-baseline,baseline,16,0,1,0.1,0.7,True,200,199,0,1,0.995,1712,8.603015075376884,487.115,0.011506835350320458,0.9996063786838918,0.15396513744638712
o4_cls_base_07,mean,O4-cls-baseline,baseline,16,0,1,0.1,0.7,True,200,199.0,0.0,1.0,0.995,2163.0,10.86934673366834,563.6975,0.011395922802282677,0.999618035587182,0.14724962627456767
o4_cls_base_07,range,O4-cls-baseline,baseline,16,0,1,0.1,0.7,True,200,"[199, 199]","[0, 0]","[1, 1]","[0.995, 0.995]","[1712, 2614]","[8.60302, 13.1357]","[487.115, 640.28]","[0.011285, 0.0115068]","[0.999606, 0.99963]","[0.140534, 0.153965]"
o4_cls_base_08,0,O4-cls-baseline,baseline,16,0,1,0.1,0.8,True,200,199,0,1,0.995,2310,11.608040201005025,546.12,0.013531981968105317,0.9999005856409515,0.1252483469011401
o4_cls_base_08,1,O4-cls-baseline,baseline,16,0,1,0.1,0.8,True,200,200,0,0,1.0,1661,8.305,422.935,0.01320421080252144,0.9999418246128428,0.13574554856889234
o4_cls_base_08,mean,O4-cls-baseline,baseline,16,0,1,0.1,0.8,True,200,199.5,0.0,0.5,0.9975,1985.5,9.956520100502512,484.52750000000003,0.013368096385313378,0.9999212051268971,0.13049694773501622
o4_cls_base_08,range,O4-cls-baseline,baseline,16,0,1,0.1,0.8,True,200,"[199, 200]","[0, 0]","[0, 1]","[0.995, 1]","[1661, 2310]","[8.305, 11.608]","[422.935, 546.12]","[0.0132042, 0.013532]","[0.999901, 0.999942]","[0.125248, 0.135746]"
