config,seed,study,num_layers,dim,n_loops,steps,supervise,softmax_loss_weight,conflict_loss_weight,bce_pos_mult,bce_neg_mult,approx_params,n_eval,correct,wrong,timeouts,accuracy,model_calls_total,calls_per_solve,avg_rounds_solved,avg_resets,unsound_rate,conflict_precision,conflict_recall,train_post_compile_secs
baseline,0,baseline,4,128,16,2000,all,0.2,0.1,4.0,0.5,65536,1000,996,0,4,0.996,9900,9.939759036144578,72.81224822998047,639.656005859375,0.008534158697105845,0.9982380359563772,0.16351751019057273,465.7808968509997
baseline,1,baseline,4,128,16,2000,all,0.2,0.1,4.0,0.5,65536,1000,997,0,3,0.997,7874,7.897693079237714,57.85456466674805,590.822021484375,0.007526661378456098,0.9963113997214832,0.19923078970482552,392.0162600609998
baseline,2,baseline,4,128,16,2000,all,0.2,0.1,4.0,0.5,65536,1000,982,0,18,0.982,12304,12.529531568228107,79.31568908691406,891.8460693359375,0.007575082274820696,0.9970800006651479,0.1833387045386583,486.26132378399996
baseline,mean,baseline,4,128,16,2000,all,0.2,0.1,4.0,0.5,65536,1000,991.6666666666666,0.0,8.333333333333334,0.9916666666666667,10026.0,10.1223278945368,72.81224822998047,639.656005859375,0.007878634116794214,0.9972098121143361,0.18202900147801884,448.0194935653331
baseline,range,baseline,4,128,16,2000,all,0.2,0.1,4.0,0.5,65536,1000,"[982, 997]","[0, 0]","[3, 18]","[0.982, 0.997]","[7874, 12304]","[7.89769, 12.5295]",72.81224822998047,639.656005859375,"[0.00752666, 0.00853416]","[0.996311, 0.998238]","[0.163518, 0.199231]","[392.016, 486.261]"
d1_L1,0,D1-C1,4,128,1,2000,all,0.2,0.1,4.0,0.5,65536,1000,144,0,856,0.144,113176,785.9444444444445,304.0763854980469,7042.525390625,0.005414229331055943,0.9942709648769005,0.14993185815663934,147.41541098600004
d1_L1,1,D1-C1,4,128,1,2000,all,0.2,0.1,4.0,0.5,65536,1000,206,0,794,0.206,106928,519.0679611650486,279.2232971191406,6691.13916015625,0.00617150048099059,0.993631981735651,0.15052852484082824,140.06655278999995
d1_L1,2,D1-C1,4,128,1,2000,all,0.2,0.1,4.0,0.5,65536,1000,162,0,838,0.162,111781,690.0061728395061,324.4876708984375,6754.6904296875,0.006462989912977605,0.9952108528740433,0.14444247164240281,235.43155086300007
d1_L1,mean,D1-C1,4,128,1,2000,all,0.2,0.1,4.0,0.5,65536,1000,170.66666666666666,0.0,829.3333333333334,0.17066666666666666,110628.33333333333,665.006192816333,304.0763854980469,7042.525390625,0.006016239908341378,0.9943712664955315,0.14830095154662346,174.30450487966667
d1_L1,range,D1-C1,4,128,1,2000,all,0.2,0.1,4.0,0.5,65536,1000,"[144, 206]","[0, 0]","[794, 856]","[0.144, 0.206]","[106928, 113176]","[519.068, 785.944]",304.0763854980469,7042.525390625,"[0.00541423, 0.00646299]","[0.993632, 0.995211]","[0.144442, 0.150529]","[140.067, 235.432]"
d1_L2,0,D1-C1,4,128,2,2000,all,0.2,0.1,4.0,0.5,65536,1000,426,0,574,0.426,84041,197.2793427230047,221.45774841308594,4926.92822265625,0.0069400727526719875,0.9987634272191634,0.13991980716988195,153.332630198
d1_L2,1,D1-C1,4,128,2,2000,all,0.2,0.1,4.0,0.5,65536,1000,399,0,601,0.399,86614,217.07769423558898,219.53634643554688,5602.60546875,0.007383799171030352,0.9958521248161727,0.15745708512324225,334.06080576
d1_L2,2,D1-C1,4,128,2,2000,all,0.2,0.1,4.0,0.5,65536,1000,424,0,576,0.424,83928,197.9433962264151,214.4882049560547,6357.66943359375,0.005524196182310131,0.9927395718873231,0.19163973003637513,163.97211555499996
d1_L2,mean,D1-C1,4,128,2,2000,all,0.2,0.1,4.0,0.5,65536,1000,416.3333333333333,0.0,583.6666666666666,0.4163333333333334,84861.0,204.10014439500296,221.45774841308594,4926.92822265625,0.006616022702004156,0.9957850413075531,0.16300554077649979,217.1218505043333
d1_L2,range,D1-C1,4,128,2,2000,all,0.2,0.1,4.0,0.5,65536,1000,"[399, 426]","[0, 0]","[574, 601]","[0.399, 0.426]","[83928, 86614]","[197.279, 217.078]",221.45774841308594,4926.92822265625,"[0.0055242, 0.0073838]","[0.99274, 0.998763]","[0.13992, 0.19164]","[153.333, 334.061]"
d1_L4,0,D1-C1,4,128,4,2000,all,0.2,0.1,4.0,0.5,65536,1000,931,0,69,0.931,29379,31.55639097744361,172.7787322998047,2027.22314453125,0.007365710640192786,0.9973928254327448,0.17349745156303992,205.5585260289999
d1_L4,1,D1-C1,4,128,4,2000,all,0.2,0.1,4.0,0.5,65536,1000,925,5,70,0.925,29423,31.80864864864865,171.9290313720703,1957.672119140625,0.00997945205788533,0.9973236742195024,0.16704527635895555,222.16362898399993
d1_L4,2,D1-C1,4,128,4,2000,all,0.2,0.1,4.0,0.5,65536,1000,902,0,98,0.902,34192,37.90687361419069,188.2250518798828,2441.3720703125,0.004981358247531837,0.995844345158905,0.1812617689158744,211.06034000499997
d1_L4,mean,D1-C1,4,128,4,2000,all,0.2,0.1,4.0,0.5,65536,1000,919.3333333333334,1.6666666666666667,79.0,0.9193333333333333,30998.0,33.75730441342765,172.7787322998047,2027.22314453125,0.007442173648536651,0.9968536149370507,0.17393483227928996,212.92749833933325
d1_L4,range,D1-C1,4,128,4,2000,all,0.2,0.1,4.0,0.5,65536,1000,"[902, 931]","[0, 5]","[69, 98]","[0.902, 0.931]","[29379, 34192]","[31.5564, 37.9069]",172.7787322998047,2027.22314453125,"[0.00498136, 0.00997945]","[0.995844, 0.997393]","[0.167045, 0.181262]","[205.559, 222.164]"
d1_L8,0,D1-C1,4,128,8,2000,all,0.2,0.1,4.0,0.5,65536,1000,980,0,20,0.98,15817,16.139795918367348,105.63060760498047,1034.7091064453125,0.0033731791169479236,0.9980795773346066,0.16392239848252746,227.23912571
d1_L8,1,D1-C1,4,128,8,2000,all,0.2,0.1,4.0,0.5,65536,1000,999,0,1,0.999,6972,6.978978978978979,52.682682037353516,495.85302734375,0.006173101462347976,0.996692847468202,0.18850161894594314,446.42629695799997
d1_L8,2,D1-C1,4,128,8,2000,all,0.2,0.1,4.0,0.5,65536,1000,984,0,16,0.984,13608,13.829268292682928,90.54979705810547,988.1700439453125,0.005407832969701737,0.9968048590973903,0.1884486909470469,477.41175738599986
d1_L8,mean,D1-C1,4,128,8,2000,all,0.2,0.1,4.0,0.5,65536,1000,987.6666666666666,0.0,12.333333333333334,0.9876666666666667,12132.333333333334,12.316014396676417,105.63060760498047,1034.7091064453125,0.004984704516332546,0.9971924279667329,0.18029090279183915,383.6923933513333
d1_L8,range,D1-C1,4,128,8,2000,all,0.2,0.1,4.0,0.5,65536,1000,"[980, 999]","[0, 0]","[1, 20]","[0.98, 0.999]","[6972, 15817]","[6.97898, 16.1398]",105.63060760498047,1034.7091064453125,"[0.00337318, 0.0061731]","[0.996693, 0.99808]","[0.163922, 0.188502]","[227.239, 477.412]"
d1_L16,0,D1-C1,4,128,16,2000,all,0.2,0.1,4.0,0.5,65536,1000,981,0,19,0.981,14660,14.943934760448522,94.3088607788086,998.5230712890625,0.005833588137417531,0.9970599226618901,0.17672779203190989,399.331432148
d1_L16,1,D1-C1,4,128,16,2000,all,0.2,0.1,4.0,0.5,65536,1000,996,0,4,0.996,6121,6.145582329317269,40.98292922973633,412.489013671875,0.005683956062504522,0.9973933178021478,0.18576250708280878,414.2912035749999
d1_L16,2,D1-C1,4,128,16,2000,all,0.2,0.1,4.0,0.5,65536,1000,995,0,5,0.995,7439,7.476381909547738,50.77487564086914,472.2170104980469,0.0098611014373529,0.9985576633731584,0.16638840860363788,382.56132807200015
d1_L16,mean,D1-C1,4,128,16,2000,all,0.2,0.1,4.0,0.5,65536,1000,990.6666666666666,0.0,9.333333333333334,0.9906666666666667,9406.666666666666,9.52196633310451,94.3088607788086,998.5230712890625,0.007126215212424985,0.9976703012790654,0.17629290257278551,398.72798793166663
d1_L16,range,D1-C1,4,128,16,2000,all,0.2,0.1,4.0,0.5,65536,1000,"[981, 996]","[0, 0]","[4, 19]","[0.981, 0.996]","[6121, 14660]","[6.14558, 14.9439]",94.3088607788086,998.5230712890625,"[0.00568396, 0.0098611]","[0.99706, 0.998558]","[0.166388, 0.185763]","[382.561, 414.291]"
d1_L32,0,D1-C1,4,128,32,2000,all,0.2,0.1,4.0,0.5,65536,1000,986,0,14,0.986,11922,12.09127789046653,79.67646789550781,879.6360473632812,0.010050408274841853,0.9928270265224575,0.18955522664891059,668.529939384
d1_L32,1,D1-C1,4,128,32,2000,all,0.2,0.1,4.0,0.5,65536,1000,991,0,9,0.991,8488,8.565085771947528,56.03834533691406,617.2190551757812,0.00947150868466181,0.9937199256168244,0.18838136674517694,814.0834891089999
d1_L32,2,D1-C1,4,128,32,2000,all,0.2,0.1,4.0,0.5,65536,1000,993,0,7,0.993,9429,9.49546827794562,66.65961456298828,779.2290649414062,0.00983811919068502,0.9899667374156556,0.21737607379340318,649.2357947419999
d1_L32,mean,D1-C1,4,128,32,2000,all,0.2,0.1,4.0,0.5,65536,1000,990.0,0.0,10.0,0.9899999999999999,9946.333333333334,10.05061064678656,79.67646789550781,879.6360473632812,0.00978667871672956,0.9921712298516457,0.19843755572916355,710.616407745
d1_L32,range,D1-C1,4,128,32,2000,all,0.2,0.1,4.0,0.5,65536,1000,"[986, 993]","[0, 0]","[7, 14]","[0.986, 0.993]","[8488, 11922]","[8.56509, 12.0913]",79.67646789550781,879.6360473632812,"[0.00947151, 0.0100504]","[0.989967, 0.99372]","[0.188381, 0.217376]","[649.236, 814.083]"
d1_L2_cm,0,D1-C2,4,128,2,16000,all,0.2,0.1,4.0,0.5,65536,1000,949,0,51,0.949,26139,27.54373024236038,161.02528381347656,1642.4090576171875,0.0008168255081935823,0.998337480043704,0.15615293213456774,2217.4570403669995
d1_L2_cm,1,D1-C2,4,128,2,16000,all,0.2,0.1,4.0,0.5,65536,1000,946,0,54,0.946,26036,27.522198731501057,158.36257934570312,1653.820068359375,0.0008350043834497506,0.9987829909906442,0.15720755282257443,1503.0918399419998
d1_L2_cm,2,D1-C2,4,128,2,16000,all,0.2,0.1,4.0,0.5,65536,1000,959,0,41,0.959,21534,22.454640250260688,133.45150756835938,1318.97412109375,0.0012698723530111644,0.9994463018235127,0.14997888294868195,1344.1733437330001
d1_L2_cm,mean,D1-C2,4,128,2,16000,all,0.2,0.1,4.0,0.5,65536,1000,951.3333333333334,0.0,48.666666666666664,0.9513333333333334,24569.666666666668,25.840189741374044,161.02528381347656,1642.4090576171875,0.0009739007482181657,0.9988555909526203,0.15444645596860804,1688.2407413473331
d1_L2_cm,range,D1-C2,4,128,2,16000,all,0.2,0.1,4.0,0.5,65536,1000,"[946, 959]","[0, 0]","[41, 54]","[0.946, 0.959]","[21534, 26139]","[22.4546, 27.5437]",161.02528381347656,1642.4090576171875,"[0.000816826, 0.00126987]","[0.998337, 0.999446]","[0.149979, 0.157208]","[1344.17, 2217.46]"
d1_L1_cm,0,D1-C2,4,128,1,32000,all,0.2,0.1,4.0,0.5,65536,1000,425,0,575,0.425,85499,201.17411764705884,244.42352294921875,3924.569091796875,0.003385494788069232,0.9998688780364601,0.10481964313139477,2041.3028243679998
d1_L1_cm,1,D1-C2,4,128,1,32000,all,0.2,0.1,4.0,0.5,65536,1000,443,0,557,0.443,82610,186.4785553047404,224.8577880859375,4344.31201171875,0.0025010846006503114,0.999519314805104,0.12261507808805268,2145.572296292
d1_L1_cm,2,D1-C2,4,128,1,32000,all,0.2,0.1,4.0,0.5,65536,108,51,0,57,0.4722222222222222,9246,181.2941176470588,240.5490264892578,453.0270080566406,0.001441464234051987,0.9995810049706042,0.12122502326076474,3544.724005708997
d1_L1_cm,mean,D1-C2,4,128,1,32000,all,0.2,0.1,4.0,0.5,65536,1000,306.3333333333333,0.0,396.3333333333333,0.4467407407407407,59118.333333333336,189.64893019961937,244.42352294921875,3924.569091796875,0.00244268120759051,0.9996563992707227,0.1162199148267374,2577.1997087896657
d1_L1_cm,range,D1-C2,4,128,1,32000,all,0.2,0.1,4.0,0.5,65536,1000,"[51, 443]","[0, 0]","[57, 575]","[0.425, 0.472222]","[9246, 85499]","[181.294, 201.174]",244.42352294921875,3924.569091796875,"[0.00144146, 0.00338549]","[0.999519, 0.999869]","[0.10482, 0.122615]","[2041.3, 3544.72]"
d1_L1_cm4x,0,D1-C2,4,128,1,128000,all,0.2,0.1,4.0,0.5,65536,1000,667,0,333,0.667,56151,84.18440779610195,166.66867065429688,3120.878173828125,0.0019221020319890728,0.9926211795047121,0.12934883717053444,8899.133899294
d1_L1_cm4x,1,D1-C2,4,128,1,128000,all,0.2,0.1,4.0,0.5,65536,1000,576,0,424,0.576,63693,110.578125,140.13368225097656,3712.086181640625,0.0016044306438202749,0.9872202333261523,0.13582276073032357,11788.860930995008
d1_L1_cm4x,mean,D1-C2,4,128,1,128000,all,0.2,0.1,4.0,0.5,65536,1000,621.5,0.0,378.5,0.6214999999999999,59922.0,97.38126639805097,166.66867065429688,3120.878173828125,0.0017632663379046737,0.9899207064154322,0.132585798950429,10343.997415144504
d1_L1_cm4x,range,D1-C2,4,128,1,128000,all,0.2,0.1,4.0,0.5,65536,1000,"[576, 667]","[0, 0]","[333, 424]","[0.576, 0.667]","[56151, 63693]","[84.1844, 110.578]",166.66867065429688,3120.878173828125,"[0.00160443, 0.0019221]","[0.98722, 0.992621]","[0.129349, 0.135823]","[8899.13, 11788.9]"
d1_L1_bigdata,0,D1-C2,4,128,1,128000,all,0.2,0.1,4.0,0.5,65536,1000,567,0,433,0.567,65356,115.2663139329806,150.0670166015625,3108.85205078125,0.002383597051082657,0.9990485621950268,0.10916875131405618,13146.837267628998
d1_L1_bigdata,1,D1-C2,4,128,1,128000,all,0.2,0.1,4.0,0.5,65536,1000,581,0,419,0.581,65819,113.28571428571429,178.90878295898438,3221.55615234375,0.002373307245691483,0.9985566840933009,0.1127731702243309,11978.428775189002
d1_L1_bigdata,mean,D1-C2,4,128,1,128000,all,0.2,0.1,4.0,0.5,65536,1000,574.0,0.0,426.0,0.574,65587.5,114.27601410934744,150.0670166015625,3108.85205078125,0.00237845214838707,0.9988026231441638,0.11097096076919354,12562.633021409001
d1_L1_bigdata,range,D1-C2,4,128,1,128000,all,0.2,0.1,4.0,0.5,65536,1000,"[567, 581]","[0, 0]","[419, 433]","[0.567, 0.581]","[65356, 65819]","[113.286, 115.266]",150.0670166015625,3108.85205078125,"[0.00237331, 0.0023836]","[0.998557, 0.999049]","[0.109169, 0.112773]","[11978.4, 13146.8]"
d1_shape8x92,0,D1-C3,8,92,1,2000,all,0.2,0.1,4.0,0.5,67712,1000,304,1,695,0.304,97483,320.66776315789474,263.7147521972656,7112.52734375,0.004376571561599417,0.9913470566402964,0.1817289681223982,189.98157726000005
d1_shape8x92,1,D1-C3,8,92,1,2000,all,0.2,0.1,4.0,0.5,67712,1000,270,1,729,0.27,100652,372.7851851851852,268.0774841308594,5988.14013671875,0.006563856572328345,0.998575764662638,0.14207926264198958,265.54206705100006
d1_shape8x92,2,D1-C3,8,92,1,2000,all,0.2,0.1,4.0,0.5,67712,1000,319,0,681,0.319,94765,297.0689655172414,228.626953125,6600.59033203125,0.006672322492375084,0.9964507191461738,0.17252252882889416,239.84725777100002
d1_shape8x92,mean,D1-C3,8,92,1,2000,all,0.2,0.1,4.0,0.5,67712,1000,297.6666666666667,0.6666666666666666,701.6666666666666,0.2976666666666667,97633.33333333333,330.1739712867738,263.7147521972656,7112.52734375,0.005870916875434282,0.9954578468163694,0.16544358653109398,231.79030069400005
d1_shape8x92,range,D1-C3,8,92,1,2000,all,0.2,0.1,4.0,0.5,67712,1000,"[270, 319]","[0, 1]","[681, 729]","[0.27, 0.319]","[94765, 100652]","[297.069, 372.785]",263.7147521972656,7112.52734375,"[0.00437657, 0.00667232]","[0.991347, 0.998576]","[0.142079, 0.181729]","[189.982, 265.542]"
d1_shape16x64,0,D1-C3,16,64,1,2000,all,0.2,0.1,4.0,0.5,65536,1000,99,0,901,0.099,116903,1180.8383838383838,314.5656433105469,8518.5771484375,0.005083773369955305,0.9951584518924563,0.18063175022228659,298.29425775299995
d1_shape16x64,1,D1-C3,16,64,1,2000,all,0.2,0.1,4.0,0.5,65536,1000,59,1,940,0.059,119961,2033.2372881355932,253.41668701171875,6619.9091796875,0.008311353874885324,0.999412428245254,0.12933139749327766,389.20876903699985
d1_shape16x64,2,D1-C3,16,64,1,2000,all,0.2,0.1,4.0,0.5,65536,1000,22,0,978,0.022,123005,5591.136363636364,21.272727966308594,10108.783203125,0.0048973399423941,0.9890737037072942,0.20671301484444296,226.694538577
d1_shape16x64,mean,D1-C3,16,64,1,2000,all,0.2,0.1,4.0,0.5,65536,1000,60.0,0.3333333333333333,939.6666666666666,0.06,119956.33333333333,2935.07067853678,314.5656433105469,8518.5771484375,0.006097489062411576,0.9945481946150014,0.17222538752000238,304.7325217889999
d1_shape16x64,range,D1-C3,16,64,1,2000,all,0.2,0.1,4.0,0.5,65536,1000,"[22, 99]","[0, 1]","[901, 978]","[0.022, 0.099]","[116903, 123005]","[1180.84, 5591.14]",314.5656433105469,8518.5771484375,"[0.00489734, 0.00831135]","[0.989074, 0.999412]","[0.129331, 0.206713]","[226.695, 389.209]"
d1_shape32x44,0,D1-C3,32,44,1,2000,all,0.2,0.1,4.0,0.5,61952,1000,32,8,960,0.032,121575,3799.21875,249.52500915527344,8867.34375,0.008434270503845707,0.9949992027322265,0.17972490119646248,286.405757223
d1_shape32x44,1,D1-C3,32,44,1,2000,all,0.2,0.1,4.0,0.5,61952,1000,3,29,968,0.003,122919,40973.0,365.59375,7297.650390625,0.012618233056701051,0.991760399905343,0.1367926008188889,314.19360230200004
d1_shape32x44,2,D1-C3,32,44,1,2000,all,0.2,0.1,4.0,0.5,61952,1000,94,7,899,0.094,117188,1246.6808510638298,333.46533203125,7875.9423828125,0.008844706978568406,0.9970157230907902,0.1638353483582853,389.2354615009998
d1_shape32x44,mean,D1-C3,32,44,1,2000,all,0.2,0.1,4.0,0.5,61952,1000,43.0,14.666666666666666,942.3333333333334,0.043000000000000003,120560.66666666667,15339.63320035461,249.52500915527344,8867.34375,0.00996573684637172,0.9945917752427866,0.16011761679121223,329.94494034199994
d1_shape32x44,range,D1-C3,32,44,1,2000,all,0.2,0.1,4.0,0.5,61952,1000,"[3, 94]","[7, 29]","[899, 968]","[0.003, 0.094]","[117188, 122919]","[1246.68, 40973]",249.52500915527344,8867.34375,"[0.00843427, 0.0126182]","[0.99176, 0.997016]","[0.136793, 0.179725]","[286.406, 389.235]"
d1_untied8,0,D1-C4,8,128,1,16000,all,0.2,0.1,4.0,0.5,131072,1000,867,0,133,0.867,39455,45.50749711649365,206.21798706054688,2218.43408203125,0.0011194840728753746,0.9993681818917155,0.13377442022079727,1348.4774036649985
d1_untied8,1,D1-C4,8,128,1,16000,all,0.2,0.1,4.0,0.5,131072,1000,826,0,174,0.826,44883,54.33777239709443,217.6634521484375,2452.80908203125,0.0006285880325959289,0.998530367391886,0.12976802925782058,1439.2627437850015
d1_untied8,2,D1-C4,8,128,1,16000,all,0.2,0.1,4.0,0.5,131072,1000,880,37,83,0.88,33179,37.70340909090909,194.6444854736328,1784.276123046875,0.0013309833260554968,0.9997471011539557,0.12752438575582456,1364.730822337
d1_untied8,mean,D1-C4,8,128,1,16000,all,0.2,0.1,4.0,0.5,131072,1000,857.6666666666666,12.333333333333334,130.0,0.8576666666666667,39172.333333333336,45.849559534832395,206.21798706054688,2218.43408203125,0.0010263518105089334,0.9992152168125191,0.13035561174481414,1384.156989929
d1_untied8,range,D1-C4,8,128,1,16000,all,0.2,0.1,4.0,0.5,131072,1000,"[826, 880]","[0, 37]","[83, 174]","[0.826, 0.88]","[33179, 44883]","[37.7034, 54.3378]",206.21798706054688,2218.43408203125,"[0.000628588, 0.00133098]","[0.99853, 0.999747]","[0.127524, 0.133774]","[1348.48, 1439.26]"
d1_untied16,0,D1-C4,16,128,1,8000,all,0.2,0.1,4.0,0.5,262144,1000,956,1,43,0.956,23902,25.002092050209207,150.76174926757812,1554.112060546875,0.0007398986638998552,0.9990486682635221,0.1614744988617262,933.7021882249996
d1_untied16,1,D1-C4,16,128,1,8000,all,0.2,0.1,4.0,0.5,262144,1000,951,4,45,0.951,24346,25.60042060988433,153.06910705566406,1638.37109375,0.0007492491587078845,0.99891172928826,0.16764506948137012,889.0622081149995
d1_untied16,2,D1-C4,16,128,1,8000,all,0.2,0.1,4.0,0.5,262144,1000,994,0,6,0.994,11464,11.533199195171026,84.06136322021484,850.7310180664062,0.000510651878326956,0.9960128091698423,0.19090186031751402,761.8384657049996
d1_untied16,mean,D1-C4,16,128,1,8000,all,0.2,0.1,4.0,0.5,262144,1000,967.0,1.6666666666666667,31.333333333333332,0.967,19904.0,20.711903951754852,150.76174926757812,1554.112060546875,0.0006665999003115652,0.9979910689072081,0.17334047622020346,861.5342873483329
d1_untied16,range,D1-C4,16,128,1,8000,all,0.2,0.1,4.0,0.5,262144,1000,"[951, 994]","[0, 4]","[6, 45]","[0.951, 0.994]","[11464, 24346]","[11.5332, 25.6004]",150.76174926757812,1554.112060546875,"[0.000510652, 0.000749249]","[0.996013, 0.999049]","[0.161474, 0.190902]","[761.838, 933.702]"
d1_wide,0,D1-C4,4,256,1,8000,all,0.2,0.1,4.0,0.5,262144,1000,301,0,699,0.301,96683,321.2059800664452,232.8405303955078,5460.5732421875,0.002685226618630988,0.9982743150799017,0.13339539639851924,797.4393307040001
d1_wide,1,D1-C4,4,256,1,8000,all,0.2,0.1,4.0,0.5,262144,1000,354,0,646,0.354,92184,260.40677966101697,244.4717559814453,4679.572265625,0.00421884761592329,0.9994353413525966,0.11767174031222356,470.86493267899993
d1_wide,2,D1-C4,4,256,1,8000,all,0.2,0.1,4.0,0.5,262144,1000,280,0,720,0.28,97883,349.58214285714286,209.0500030517578,5230.33544921875,0.002677053269730964,0.9990612865953943,0.12496331977611223,857.1876544879996
d1_wide,mean,D1-C4,4,256,1,8000,all,0.2,0.1,4.0,0.5,262144,1000,311.6666666666667,0.0,688.3333333333334,0.3116666666666667,95583.33333333333,310.398300861535,232.8405303955078,5460.5732421875,0.0031937091680950807,0.9989236476759643,0.12534348549561836,708.4973059569999
d1_wide,range,D1-C4,4,256,1,8000,all,0.2,0.1,4.0,0.5,262144,1000,"[280, 354]","[0, 0]","[646, 720]","[0.28, 0.354]","[92184, 97883]","[260.407, 349.582]",232.8405303955078,5460.5732421875,"[0.00267705, 0.00421885]","[0.998274, 0.999435]","[0.117672, 0.133395]","[470.865, 857.188]"
d1_untied16_max,0,D1-C4,16,128,1,32000,all,0.2,0.1,4.0,0.5,262144,1000,999,0,1,0.999,4747,4.751751751751752,35.63964080810547,319.6570129394531,0.0009016681019995067,0.9938990067728288,0.17509433881790448,5850.320469716993
d1_untied16_max,1,D1-C4,16,128,1,32000,all,0.2,0.1,4.0,0.5,262144,1000,998,0,2,0.998,4108,4.11623246492986,29.299598693847656,270.8210144042969,0.0017585201516815876,0.997995072998539,0.17371366695026685,4440.500471351006
d1_untied16_max,mean,D1-C4,16,128,1,32000,all,0.2,0.1,4.0,0.5,262144,1000,998.5,0.0,1.5,0.9984999999999999,4427.5,4.4339921083408065,35.63964080810547,319.6570129394531,0.0013300941268405472,0.9959470398856839,0.17440400288408567,5145.410470534
d1_untied16_max,range,D1-C4,16,128,1,32000,all,0.2,0.1,4.0,0.5,262144,1000,"[998, 999]","[0, 0]","[1, 2]","[0.998, 0.999]","[4108, 4747]","[4.11623, 4.75175]",35.63964080810547,319.6570129394531,"[0.000901668, 0.00175852]","[0.993899, 0.997995]","[0.173714, 0.175094]","[4440.5, 5850.32]"
d2_final_only,0,D2,4,128,16,2000,final,0.2,0.1,4.0,0.5,65536,1000,942,1,57,0.942,25708,27.290870488322717,154.8897247314453,2027.110107421875,0.009970486406710282,0.9851105289165276,0.20005227662926753,451.72285922299966
d2_final_only,1,D2,4,128,16,2000,final,0.2,0.1,4.0,0.5,65536,1000,967,0,33,0.967,20270,20.9617373319545,126.87073516845703,1430.6380615234375,0.012961769698709732,0.9896598199438678,0.1811027802109222,457.3577480190004
d2_final_only,2,D2,4,128,16,2000,final,0.2,0.1,4.0,0.5,65536,1000,973,1,26,0.973,17949,18.447070914696813,117.264892578125,1237.0850830078125,0.01634360905728036,0.9905709392499086,0.17189394191312443,376.27623654300004
d2_final_only,mean,D2,4,128,16,2000,final,0.2,0.1,4.0,0.5,65536,1000,960.6666666666666,0.6666666666666666,38.666666666666664,0.9606666666666666,21309.0,22.233226244991343,154.8897247314453,2027.110107421875,0.013091955054233459,0.9884470960367681,0.18434966625110472,428.4522812616667
d2_final_only,range,D2,4,128,16,2000,final,0.2,0.1,4.0,0.5,65536,1000,"[942, 973]","[0, 1]","[26, 57]","[0.942, 0.973]","[17949, 25708]","[18.4471, 27.2909]",154.8897247314453,2027.110107421875,"[0.00997049, 0.0163436]","[0.985111, 0.990571]","[0.171894, 0.200052]","[376.276, 457.358]"
d3_ce0,0,D3,4,128,16,2000,all,0.0,0.1,4.0,0.5,65536,76,19,0,57,0.25,8000,421.05263157894734,54.3684196472168,663.97900390625,0.002775333978030077,0.9974437450790588,0.23174102283570103,458.6424700409996
d3_ce0,1,D3,4,128,16,2000,all,0.0,0.1,4.0,0.5,65536,72,16,0,56,0.2222222222222222,7226,451.625,27.125,589.18603515625,0.003192425069840621,0.9985019222221091,0.2073492968206669,492.8839002999998
d3_ce0,2,D3,4,128,16,2000,all,0.0,0.1,4.0,0.5,65536,77,20,0,57,0.2597402597402597,8002,400.1,144.75,554.5840454101562,0.003281706077853304,0.9991475142741796,0.17754698049233078,418.00768057800013
d3_ce0,mean,D3,4,128,16,2000,all,0.0,0.1,4.0,0.5,65536,76,18.333333333333332,0.0,56.666666666666664,0.24398749398749398,7742.666666666667,424.2592105263158,54.3684196472168,663.97900390625,0.0030831550419080007,0.9983643938584491,0.2055457667162329,456.5113503063332
d3_ce0,range,D3,4,128,16,2000,all,0.0,0.1,4.0,0.5,65536,76,"[16, 20]","[0, 0]","[56, 57]","[0.222222, 0.25974]","[7226, 8002]","[400.1, 451.625]",54.3684196472168,663.97900390625,"[0.00277533, 0.00328171]","[0.997444, 0.999148]","[0.177547, 0.231741]","[418.008, 492.884]"
d3_ce1,0,D3,4,128,16,2000,all,1.0,0.1,4.0,0.5,65536,1000,999,1,0,0.999,1685,1.6866866866866868,11.97700023651123,149.04701232910156,0.00614787905548174,0.9632720790075936,0.28648875744855723,405.575543917
d3_ce1,1,D3,4,128,16,2000,all,1.0,0.1,4.0,0.5,65536,1000,1000,0,0,1.0,1562,1.562,11.38700008392334,147.17201232910156,0.0052187982454675345,0.9619298883276725,0.30945257784748625,544.2168153860002
d3_ce1,2,D3,4,128,16,2000,all,1.0,0.1,4.0,0.5,65536,1000,999,0,1,0.999,2258,2.26026026026026,13.436436653137207,206.05300903320312,0.006155973158103666,0.9472057064050926,0.33993411780130456,520.99555397
d3_ce1,mean,D3,4,128,16,2000,all,1.0,0.1,4.0,0.5,65536,1000,999.3333333333334,0.3333333333333333,0.3333333333333333,0.9993333333333334,1835.0,1.8363156489823158,11.97700023651123,149.04701232910156,0.005840883486350981,0.9574692245801195,0.3119584843657827,490.2626377576667
d3_ce1,range,D3,4,128,16,2000,all,1.0,0.1,4.0,0.5,65536,1000,"[999, 1000]","[0, 1]","[0, 1]","[0.999, 1]","[1562, 2258]","[1.562, 2.26026]",11.97700023651123,149.04701232910156,"[0.0052188, 0.00615597]","[0.947206, 0.963272]","[0.286489, 0.339934]","[405.576, 544.217]"
d4_sym,0,D4,4,128,16,2000,all,0.2,0.1,0.5,0.5,65536,74,18,0,56,0.24324324324324326,7013,389.6111111111111,1.2777777910232544,1792.4400634765625,0.013607638856212695,0.9883059723428381,0.5193691179798269,467.64253892499994
d4_sym,1,D4,4,128,16,2000,all,0.2,0.1,0.5,0.5,65536,74,18,0,56,0.24324324324324326,7038,391.0,4.44444465637207,1794.3370361328125,0.014322125595004722,0.9890169409923871,0.5211779412192215,437.210575047
d4_sym,2,D4,4,128,16,2000,all,0.2,0.1,0.5,0.5,65536,75,19,0,56,0.25333333333333335,7330,385.7894736842105,18.157894134521484,1802.2821044921875,0.012712723753278173,0.9839255569553753,0.5251830003680587,398.39453339199997
d4_sym,mean,D4,4,128,16,2000,all,0.2,0.1,0.5,0.5,65536,74,18.333333333333332,0.0,56.0,0.2466066066066066,7127.0,388.8001949317739,1.2777777910232544,1792.4400634765625,0.013547496068165197,0.9870828234302002,0.5219100198557024,434.41588245466664
d4_sym,range,D4,4,128,16,2000,all,0.2,0.1,0.5,0.5,65536,74,"[18, 19]","[0, 0]","[56, 56]","[0.243243, 0.253333]","[7013, 7330]","[385.789, 391]",1.2777777910232544,1792.4400634765625,"[0.0127127, 0.0143221]","[0.983926, 0.989017]","[0.519369, 0.525183]","[398.395, 467.643]"
d4_ratio2,0,D4,4,128,16,2000,all,0.2,0.1,1.0,0.5,65536,124,68,0,56,0.5483870967741935,9506,139.7941176470588,251.9264678955078,1940.7921142578125,0.0065764722017385095,0.8806802766616301,0.5713823348653271,416.93211342300015
d4_ratio2,1,D4,4,128,16,2000,all,0.2,0.1,1.0,0.5,65536,102,45,0,57,0.4411764705882353,8593,190.95555555555555,196.2888946533203,1755.58203125,0.006204755908791746,0.8830714807017703,0.5733771377477074,377.64465127799997
d4_ratio2,2,D4,4,128,16,2000,all,0.2,0.1,1.0,0.5,65536,1000,520,0,480,0.52,72269,138.97884615384615,180.65577697753906,15201.06640625,0.006636029949968487,0.8876103536377673,0.5598138450466466,371.6944293979998
d4_ratio2,mean,D4,4,128,16,2000,all,0.2,0.1,1.0,0.5,65536,124,211.0,0.0,197.66666666666666,0.5031878557874763,30122.666666666668,156.57617311882018,251.9264678955078,1940.7921142578125,0.00647241935349958,0.8837873703337226,0.5681911058865604,388.7570646996666
d4_ratio2,range,D4,4,128,16,2000,all,0.2,0.1,1.0,0.5,65536,124,"[45, 520]","[0, 0]","[56, 480]","[0.441176, 0.548387]","[8593, 72269]","[138.979, 190.956]",251.9264678955078,1940.7921142578125,"[0.00620476, 0.00663603]","[0.88068, 0.88761]","[0.559814, 0.573377]","[371.694, 416.932]"
d4_ratio32,0,D4,4,128,16,2000,all,0.2,0.1,16.0,0.5,65536,1000,983,0,17,0.983,11887,12.092573753814852,72.5249252319336,686.3720092773438,0.0004307313709568004,0.9986904715598948,0.1509648690707492,395.66771176700007
d4_ratio32,1,D4,4,128,16,2000,all,0.2,0.1,16.0,0.5,65536,1000,975,1,24,0.975,14879,15.26051282051282,92.75102233886719,809.8030395507812,0.0007255791438230653,0.9995664108000456,0.1347062330644778,362.20926950899985
d4_ratio32,2,D4,4,128,16,2000,all,0.2,0.1,16.0,0.5,65536,1000,975,0,25,0.975,17679,18.13230769230769,113.98871612548828,943.0590209960938,0.0007991016747042418,0.9996966588233311,0.13104053561692688,421.42855139000005
d4_ratio32,mean,D4,4,128,16,2000,all,0.2,0.1,16.0,0.5,65536,1000,977.6666666666666,0.3333333333333333,22.0,0.9776666666666666,14815.0,15.161798088878456,72.5249252319336,686.3720092773438,0.0006518040631613691,0.9993178470610905,0.13890387925071798,393.101844222
d4_ratio32,range,D4,4,128,16,2000,all,0.2,0.1,16.0,0.5,65536,1000,"[975, 983]","[0, 1]","[17, 25]","[0.975, 0.983]","[11887, 17679]","[12.0926, 18.1323]",72.5249252319336,686.3720092773438,"[0.000430731, 0.000799102]","[0.99869, 0.999697]","[0.131041, 0.150965]","[362.209, 421.429]"
d4_nocls,0,D4,4,128,16,2000,all,0.2,0.0,4.0,0.5,65536,1000,220,780,0,0.22,5493,24.96818181818182,42.665000915527344,0.11800000816583633,0.0008525656217404234,1.0,4.8088267692847934e-05,527.386060431
d4_nocls,1,D4,4,128,16,2000,all,0.2,0.0,4.0,0.5,65536,1000,207,793,0,0.207,5800,28.019323671497585,45.16800308227539,0.5520000457763672,0.0007735804291467666,1.0,0.000205489005273508,344.2867771400001
d4_nocls,2,D4,4,128,16,2000,all,0.2,0.0,4.0,0.5,65536,1000,208,792,0,0.208,5681,27.3125,44.18100357055664,1.194000005722046,0.0008010851003318873,1.0,0.0004467733874509685,512.9047688220002
d4_nocls,mean,D4,4,128,16,2000,all,0.2,0.0,4.0,0.5,65536,1000,211.66666666666666,788.3333333333334,0.0,0.21166666666666667,5658.0,26.766668496559802,42.665000915527344,0.11800000816583633,0.0008090770504063592,1.0,0.00023345022013910815,461.52586879766676
d4_nocls,range,D4,4,128,16,2000,all,0.2,0.0,4.0,0.5,65536,1000,"[207, 220]","[780, 793]","[0, 0]","[0.207, 0.22]","[5493, 5800]","[24.9682, 28.0193]",42.665000915527344,0.11800000816583633,"[0.00077358, 0.000852566]","[1, 1]","[4.80883e-05, 0.000446773]","[344.287, 527.386]"
d4_sym_th50,0,D4,4,128,16,2000,all,0.2,0.1,0.5,0.5,65536,72,13,3,56,0.18055555555555555,7656,588.9230769230769,45.8125,3630.9072265625,0.08526539693154231,1.0,0.9999936665063099,437.461630249
d4_sym_th50,1,D4,4,128,16,2000,all,0.2,0.1,0.5,0.5,65536,73,13,4,56,0.1780821917808219,7908,608.3076923076923,54.64706039428711,3643.4560546875,0.08655286333097713,1.0,0.9999958836804945,391.047096884
d4_sym_th50,2,D4,4,128,16,2000,all,0.2,0.1,0.5,0.5,65536,72,13,3,56,0.18055555555555555,7087,545.1538461538462,5.375,3589.499267578125,0.08511138631890049,1.0,0.99999080789162,537.3687628189998
d4_sym_th50,mean,D4,4,128,16,2000,all,0.2,0.1,0.5,0.5,65536,72,13.0,3.3333333333333335,56.0,0.17973110096397768,7550.333333333333,580.7948717948717,45.8125,3630.9072265625,0.08564321552713998,1.0,0.9999934526928081,455.29249665066664
d4_sym_th50,range,D4,4,128,16,2000,all,0.2,0.1,0.5,0.5,65536,72,"[13, 13]","[3, 4]","[56, 56]","[0.178082, 0.180556]","[7087, 7908]","[545.154, 608.308]",45.8125,3630.9072265625,"[0.0851114, 0.0865529]","[1, 1]","[0.999991, 0.999996]","[391.047, 537.369]"
d4_ratio2_th33,0,D4,4,128,16,2000,all,0.2,0.1,1.0,0.5,65536,74,18,0,56,0.24324324324324326,7145,396.94444444444446,10.38888931274414,1817.612060546875,0.035171855558527365,0.9999950495594108,0.5054976007082485,514.4704984820004
d4_ratio2_th33,1,D4,4,128,16,2000,all,0.2,0.1,1.0,0.5,65536,74,17,1,56,0.22972972972972974,7242,426.0,18.5,1823.0201416015625,0.034993966263352536,0.9999978063344287,0.5056864586877924,511.7782068529999
d4_ratio2_th33,2,D4,4,128,16,2000,all,0.2,0.1,1.0,0.5,65536,73,17,0,56,0.2328767123287671,7138,419.88235294117646,8.470588684082031,1816.8450927734375,0.0332926587975991,0.9999939466712745,0.5056688294937749,396.52133196200026
d4_ratio2_th33,mean,D4,4,128,16,2000,all,0.2,0.1,1.0,0.5,65536,74,17.333333333333332,0.3333333333333333,56.0,0.23528322843391336,7175.0,414.2755991285403,10.38888931274414,1817.612060546875,0.034486160206493,0.9999956008550379,0.5056176296299385,474.25667909900017
d4_ratio2_th33,range,D4,4,128,16,2000,all,0.2,0.1,1.0,0.5,65536,74,"[17, 18]","[0, 1]","[56, 56]","[0.22973, 0.243243]","[7138, 7242]","[396.944, 426]",10.38888931274414,1817.612060546875,"[0.0332927, 0.0351719]","[0.999994, 0.999998]","[0.505498, 0.505686]","[396.521, 514.47]"
d4_ratio32_th03,0,D4,4,128,16,2000,all,0.2,0.1,16.0,0.5,65536,1000,987,3,10,0.987,10041,10.173252279635259,64.67677307128906,650.7640380859375,0.0003473436148537694,0.9886959266487193,0.17637808193367058,393.37248781100004
d4_ratio32_th03,1,D4,4,128,16,2000,all,0.2,0.1,16.0,0.5,65536,1000,990,7,3,0.99,10270,10.373737373737374,76.6258773803711,627.5980224609375,0.0009323114627776558,0.9972748311528834,0.1559101397375076,508.81419450199996
d4_ratio32_th03,2,D4,4,128,16,2000,all,0.2,0.1,16.0,0.5,65536,1000,991,3,6,0.991,9320,9.404641775983855,64.96780395507812,584.9490356445312,0.0004608690536318572,0.9896305668016194,0.1635343077417551,419.0958741170001
d4_ratio32_th03,mean,D4,4,128,16,2000,all,0.2,0.1,16.0,0.5,65536,1000,989.3333333333334,4.333333333333333,6.333333333333333,0.9893333333333333,9877.0,9.98387714311883,64.67677307128906,650.7640380859375,0.0005801747104210942,0.991867108201074,0.16527417647097775,440.42751881000004
d4_ratio32_th03,range,D4,4,128,16,2000,all,0.2,0.1,16.0,0.5,65536,1000,"[987, 991]","[3, 7]","[3, 10]","[0.987, 0.991]","[9320, 10270]","[9.40464, 10.3737]",64.67677307128906,650.7640380859375,"[0.000347344, 0.000932311]","[0.988696, 0.997275]","[0.15591, 0.176378]","[393.372, 508.814]"
